date,round,cup,length.mm,tag,group,time,status,notes
20260928,round1,1,113,16,10K Control,0,0,
20260928,round1,2,99,16,10K Control,0,0,
20260928,round1,3,116,16,10K Control,0,0,
20260928,round1,4,111,16,10K Control,0,0,
20260928,round1,5,99,16,10K Control,0,0,
20260928,round1,6,116,16,10K Control,0,0,
20260928,round1,7,95,16,10K Control,0,0,
20260928,round1,8,96,16,10K Control,0,0,
20260928,round1,9,99,16,10K Control,0,0,
20260928,round1,10,107,16,10K Control,0,0,
20260928,round1,11,103,16,10K Control,0,0,
20260928,round1,12,100,16,10K Control,0,0,
20260928,round1,13,132,16,10K Control,0,0,
20260928,round1,14,117,16,10K Control,0,0,
20260928,round1,15,88,16,10K Control,0,0,
20260928,round1,16,102,17,10K FW,0,0,
20260928,round1,17,84,17,10K FW,0,0,
20260928,round1,18,106,17,10K FW,0,0,
20260928,round1,19,77,17,10K FW,0,0,
20260928,round1,20,94,17,10K FW,0,0,
20260928,round1,21,106,17,10K FW,0,0,
20260928,round1,22,102,17,10K FW,0,0,
20260928,round1,23,89,17,10K FW,0,0,
20260928,round1,24,90,17,10K FW,0,0,
20260928,round1,25,98,17,10K FW,0,0,
20260928,round1,26,113,17,10K FW,0,0,
20260928,round1,27,101,17,10K FW,0,0,
20260928,round1,28,98,17,10K FW,0,0,
20260928,round1,29,80,17,10K FW,0,0,
20260928,round1,30,105,17,10K FW,0,0,
20260928,round1,31,105,18,10K PolyIC,0,0,
20260928,round1,32,87,18,10K PolyIC,0,0,
20260928,round1,33,106,18,10K PolyIC,0,0,
20260928,round1,34,116,18,10K PolyIC,0,0,
20260928,round1,35,120,18,10K PolyIC,0,0,
20260928,round1,36,84,18,10K PolyIC,0,0,
20260928,round1,37,87,18,10K PolyIC,0,0,
20260928,round1,38,81,18,10K PolyIC,0,0,
20260928,round1,39,97,18,10K PolyIC,0,0,
20260928,round1,40,97,18,10K PolyIC,0,0,
20260928,round1,41,112,18,10K PolyIC,0,0,
20260928,round1,42,112,18,10K PolyIC,0,0,
20260928,round1,43,79,18,10K PolyIC,0,0,
20260928,round1,44,91,18,10K PolyIC,0,0,
20260928,round1,45,90,18,10K PolyIC,0,0,
20260928,round1,46,83,19,10K 35C,0,0,
20260928,round1,47,91,19,10K 35C,0,0,
20260928,round1,48,76,19,10K 35C,0,0,
20260928,round1,49,79,19,10K 35C,0,0,
20260928,round1,50,82,19,10K 35C,0,0,
20260928,round1,51,90,19,10K 35C,0,0,
20260928,round1,52,101,19,10K 35C,0,0,
20260928,round1,53,116,19,10K 35C,0,0,
20260928,round1,54,109,19,10K 35C,0,0,
20260928,round1,55,118,19,10K 35C,0,0,
20260928,round1,56,103,19,10K 35C,0,0,
20260928,round1,57,96,19,10K 35C,0,0,
20260928,round1,58,96,19,10K 35C,0,0,
20260928,round1,59,106,19,10K 35C,0,0,
20260928,round1,60,93,19,10K 35C,0,0,
20260928,round1,61,108,20,10K FW 35C,0,0,
20260928,round1,62,103,20,10K FW 35C,0,0,
20260928,round1,63,98,20,10K FW 35C,0,0,
20260928,round1,64,107,20,10K FW 35C,0,0,
20260928,round1,65,91,20,10K FW 35C,0,0,
20260928,round1,66,92,20,10K FW 35C,0,0,
20260928,round1,67,87,20,10K FW 35C,0,0,
20260928,round1,68,99,20,10K FW 35C,0,0,
20260928,round1,69,83,20,10K FW 35C,0,0,
20260928,round1,70,92,20,10K FW 35C,0,0,
20260928,round1,71,101,20,10K FW 35C,0,0,
20260928,round1,72,100,20,10K FW 35C,0,0,
20260928,round1,73,108,20,10K FW 35C,0,0,
20260928,round1,74,113,20,10K FW 35C,0,0,
20260928,round1,75,92,20,10K FW 35C,0,0,
20260928,round1,1,113,16,10K Control,4,0,
20260928,round1,2,99,16,10K Control,4,0,
20260928,round1,3,116,16,10K Control,4,0,
20260928,round1,4,111,16,10K Control,4,0,
20260928,round1,5,99,16,10K Control,4,0,
20260928,round1,6,116,16,10K Control,4,0,
20260928,round1,7,95,16,10K Control,4,0,
20260928,round1,8,96,16,10K Control,4,0,
20260928,round1,9,99,16,10K Control,4,0,
20260928,round1,10,107,16,10K Control,4,0,
20260928,round1,11,103,16,10K Control,4,0,
20260928,round1,12,100,16,10K Control,4,0,
20260928,round1,13,132,16,10K Control,4,0,
20260928,round1,14,117,16,10K Control,4,0,
20260928,round1,15,88,16,10K Control,4,0,
20260928,round1,16,102,17,10K FW,4,0,
20260928,round1,17,84,17,10K FW,4,0,
20260928,round1,18,106,17,10K FW,4,0,
20260928,round1,19,77,17,10K FW,4,0,
20260928,round1,20,94,17,10K FW,4,0,
20260928,round1,21,106,17,10K FW,4,0,
20260928,round1,22,102,17,10K FW,4,0,
20260928,round1,23,89,17,10K FW,4,0,
20260928,round1,24,90,17,10K FW,4,0,
20260928,round1,25,98,17,10K FW,4,0,
20260928,round1,26,113,17,10K FW,4,0,
20260928,round1,27,101,17,10K FW,4,0,
20260928,round1,28,98,17,10K FW,4,0,
20260928,round1,29,80,17,10K FW,4,0,
20260928,round1,30,105,17,10K FW,4,0,
20260928,round1,31,105,18,10K PolyIC,4,0,
20260928,round1,32,87,18,10K PolyIC,4,0,
20260928,round1,33,106,18,10K PolyIC,4,0,
20260928,round1,34,116,18,10K PolyIC,4,0,
20260928,round1,35,120,18,10K PolyIC,4,0,
20260928,round1,36,84,18,10K PolyIC,4,0,
20260928,round1,37,87,18,10K PolyIC,4,0,
20260928,round1,38,81,18,10K PolyIC,4,0,
20260928,round1,39,97,18,10K PolyIC,4,0,
20260928,round1,40,97,18,10K PolyIC,4,0,
20260928,round1,41,112,18,10K PolyIC,4,0,
20260928,round1,42,112,18,10K PolyIC,4,0,
20260928,round1,43,79,18,10K PolyIC,4,0,
20260928,round1,44,91,18,10K PolyIC,4,0,
20260928,round1,45,90,18,10K PolyIC,4,0,
20260928,round1,46,83,19,10K 35C,4,0,
20260928,round1,47,91,19,10K 35C,4,0,
20260928,round1,48,76,19,10K 35C,4,0,
20260928,round1,49,79,19,10K 35C,4,0,
20260928,round1,50,82,19,10K 35C,4,0,
20260928,round1,51,90,19,10K 35C,4,0,
20260928,round1,52,101,19,10K 35C,4,0,
20260928,round1,53,116,19,10K 35C,4,0,
20260928,round1,54,109,19,10K 35C,4,0,
20260928,round1,55,118,19,10K 35C,4,0,
20260928,round1,56,103,19,10K 35C,4,0,
20260928,round1,57,96,19,10K 35C,4,0,
20260928,round1,58,96,19,10K 35C,4,0,
20260928,round1,59,106,19,10K 35C,4,0,
20260928,round1,60,93,19,10K 35C,4,0,
20260928,round1,61,108,20,10K FW 35C,4,1,
20260928,round1,62,103,20,10K FW 35C,4,0,
20260928,round1,63,98,20,10K FW 35C,4,0,
20260928,round1,64,107,20,10K FW 35C,4,0,
20260928,round1,65,91,20,10K FW 35C,4,0,
20260928,round1,66,92,20,10K FW 35C,4,0,
20260928,round1,67,87,20,10K FW 35C,4,0,
20260928,round1,68,99,20,10K FW 35C,4,0,
20260928,round1,69,83,20,10K FW 35C,4,0,
20260928,round1,70,92,20,10K FW 35C,4,0,
20260928,round1,71,101,20,10K FW 35C,4,0,
20260928,round1,72,100,20,10K FW 35C,4,0,
20260928,round1,73,108,20,10K FW 35C,4,0,
20260928,round1,74,113,20,10K FW 35C,4,0,
20260928,round1,75,92,20,10K FW 35C,4,0,
20260929,round1,1,113,16,10K Control,24,1,
20260929,round1,2,99,16,10K Control,24,0,
20260929,round1,3,116,16,10K Control,24,0,
20260929,round1,4,111,16,10K Control,24,0,
20260929,round1,5,99,16,10K Control,24,1,
20260929,round1,6,116,16,10K Control,24,0,
20260929,round1,7,95,16,10K Control,24,0,
20260929,round1,8,96,16,10K Control,24,1,
20260929,round1,9,99,16,10K Control,24,1,
20260929,round1,10,107,16,10K Control,24,1,
20260929,round1,11,103,16,10K Control,24,1,
20260929,round1,12,100,16,10K Control,24,1,
20260929,round1,13,132,16,10K Control,24,0,
20260929,round1,14,117,16,10K Control,24,1,
20260929,round1,15,88,16,10K Control,24,0,
20260929,round1,16,102,17,10K FW,24,0,
20260929,round1,17,84,17,10K FW,24,1,
20260929,round1,18,106,17,10K FW,24,0,
20260929,round1,19,77,17,10K FW,24,0,
20260929,round1,20,94,17,10K FW,24,1,
20260929,round1,21,106,17,10K FW,24,1,
20260929,round1,22,102,17,10K FW,24,1,
20260929,round1,23,89,17,10K FW,24,1,
20260929,round1,24,90,17,10K FW,24,1,
20260929,round1,25,98,17,10K FW,24,0,
20260929,round1,26,113,17,10K FW,24,1,
20260929,round1,27,101,17,10K FW,24,0,
20260929,round1,28,98,17,10K FW,24,0,
20260929,round1,29,80,17,10K FW,24,0,
20260929,round1,30,105,17,10K FW,24,0,
20260929,round1,31,105,18,10K PolyIC,24,1,
20260929,round1,32,87,18,10K PolyIC,24,0,
20260929,round1,33,106,18,10K PolyIC,24,0,
20260929,round1,34,116,18,10K PolyIC,24,0,
20260929,round1,35,120,18,10K PolyIC,24,0,
20260929,round1,36,84,18,10K PolyIC,24,0,
20260929,round1,37,87,18,10K PolyIC,24,0,
20260929,round1,38,81,18,10K PolyIC,24,1,
20260929,round1,39,97,18,10K PolyIC,24,1,
20260929,round1,40,97,18,10K PolyIC,24,1,
20260929,round1,41,112,18,10K PolyIC,24,0,
20260929,round1,42,112,18,10K PolyIC,24,0,
20260929,round1,43,79,18,10K PolyIC,24,0,
20260929,round1,44,91,18,10K PolyIC,24,0,
20260929,round1,45,90,18,10K PolyIC,24,1,
20260929,round1,46,83,19,10K 35C,24,0,
20260929,round1,47,91,19,10K 35C,24,0,
20260929,round1,48,76,19,10K 35C,24,0,
20260929,round1,49,79,19,10K 35C,24,0,
20260929,round1,50,82,19,10K 35C,24,0,
20260929,round1,51,90,19,10K 35C,24,0,
20260929,round1,52,101,19,10K 35C,24,0,
20260929,round1,53,116,19,10K 35C,24,1,
20260929,round1,54,109,19,10K 35C,24,0,
20260929,round1,55,118,19,10K 35C,24,1,
20260929,round1,56,103,19,10K 35C,24,1,
20260929,round1,57,96,19,10K 35C,24,0,
20260929,round1,58,96,19,10K 35C,24,0,
20260929,round1,59,106,19,10K 35C,24,0,
20260929,round1,60,93,19,10K 35C,24,1,
20260929,round1,61,108,20,10K FW 35C,24,1,
20260929,round1,62,103,20,10K FW 35C,24,1,
20260929,round1,63,98,20,10K FW 35C,24,1,
20260929,round1,64,107,20,10K FW 35C,24,0,
20260929,round1,65,91,20,10K FW 35C,24,0,
20260929,round1,66,92,20,10K FW 35C,24,0,
20260929,round1,67,87,20,10K FW 35C,24,0,
20260929,round1,68,99,20,10K FW 35C,24,1,
20260929,round1,69,83,20,10K FW 35C,24,0,
20260929,round1,70,92,20,10K FW 35C,24,0,
20260929,round1,71,101,20,10K FW 35C,24,0,
20260929,round1,72,100,20,10K FW 35C,24,1,
20260929,round1,73,108,20,10K FW 35C,24,1,
20260929,round1,74,113,20,10K FW 35C,24,1,
20260929,round1,75,92,20,10K FW 35C,24,0,
20260929,round1,1,113,16,10K Control,29.5,1,
20260929,round1,2,99,16,10K Control,29.5,0,
20260929,round1,3,116,16,10K Control,29.5,0,
20260929,round1,4,111,16,10K Control,29.5,0,
20260929,round1,5,99,16,10K Control,29.5,1,
20260929,round1,6,116,16,10K Control,29.5,0,
20260929,round1,7,95,16,10K Control,29.5,0,
20260929,round1,8,96,16,10K Control,29.5,1,
20260929,round1,9,99,16,10K Control,29.5,1,
20260929,round1,10,107,16,10K Control,29.5,1,
20260929,round1,11,103,16,10K Control,29.5,1,
20260929,round1,12,100,16,10K Control,29.5,1,
20260929,round1,13,132,16,10K Control,29.5,0,
20260929,round1,14,117,16,10K Control,29.5,1,
20260929,round1,15,88,16,10K Control,29.5,0,
20260929,round1,16,102,17,10K FW,29.5,0,
20260929,round1,17,84,17,10K FW,29.5,1,
20260929,round1,18,106,17,10K FW,29.5,0,
20260929,round1,19,77,17,10K FW,29.5,0,
20260929,round1,20,94,17,10K FW,29.5,1,
20260929,round1,21,106,17,10K FW,29.5,1,
20260929,round1,22,102,17,10K FW,29.5,1,
20260929,round1,23,89,17,10K FW,29.5,1,
20260929,round1,24,90,17,10K FW,29.5,1,
20260929,round1,25,98,17,10K FW,29.5,0,
20260929,round1,26,113,17,10K FW,29.5,1,
20260929,round1,27,101,17,10K FW,29.5,0,
20260929,round1,28,98,17,10K FW,29.5,0,
20260929,round1,29,80,17,10K FW,29.5,0,
20260929,round1,30,105,17,10K FW,29.5,0,
20260929,round1,31,105,18,10K PolyIC,29.5,1,
20260929,round1,32,87,18,10K PolyIC,29.5,0,
20260929,round1,33,106,18,10K PolyIC,29.5,0,
20260929,round1,34,116,18,10K PolyIC,29.5,0,
20260929,round1,35,120,18,10K PolyIC,29.5,0,
20260929,round1,36,84,18,10K PolyIC,29.5,0,
20260929,round1,37,87,18,10K PolyIC,29.5,0,
20260929,round1,38,81,18,10K PolyIC,29.5,1,
20260929,round1,39,97,18,10K PolyIC,29.5,1,
20260929,round1,40,97,18,10K PolyIC,29.5,1,
20260929,round1,41,112,18,10K PolyIC,29.5,0,
20260929,round1,42,112,18,10K PolyIC,29.5,0,
20260929,round1,43,79,18,10K PolyIC,29.5,0,
20260929,round1,44,91,18,10K PolyIC,29.5,0,
20260929,round1,45,90,18,10K PolyIC,29.5,1,
20260929,round1,46,83,19,10K 35C,29.5,0,
20260929,round1,47,91,19,10K 35C,29.5,0,
20260929,round1,48,76,19,10K 35C,29.5,0,
20260929,round1,49,79,19,10K 35C,29.5,0,
20260929,round1,50,82,19,10K 35C,29.5,0,
20260929,round1,51,90,19,10K 35C,29.5,0,
20260929,round1,52,101,19,10K 35C,29.5,0,
20260929,round1,53,116,19,10K 35C,29.5,1,
20260929,round1,54,109,19,10K 35C,29.5,0,
20260929,round1,55,118,19,10K 35C,29.5,1,
20260929,round1,56,103,19,10K 35C,29.5,1,
20260929,round1,57,96,19,10K 35C,29.5,0,
20260929,round1,58,96,19,10K 35C,29.5,0,
20260929,round1,59,106,19,10K 35C,29.5,0,
20260929,round1,60,93,19,10K 35C,29.5,1,
20260929,round1,61,108,20,10K FW 35C,29.5,1,
20260929,round1,62,103,20,10K FW 35C,29.5,1,
20260929,round1,63,98,20,10K FW 35C,29.5,1,
20260929,round1,64,107,20,10K FW 35C,29.5,0,
20260929,round1,65,91,20,10K FW 35C,29.5,0,
20260929,round1,66,92,20,10K FW 35C,29.5,0,
20260929,round1,67,87,20,10K FW 35C,29.5,0,
20260929,round1,68,99,20,10K FW 35C,29.5,1,
20260929,round1,69,83,20,10K FW 35C,29.5,0,
20260929,round1,70,92,20,10K FW 35C,29.5,0,
20260929,round1,71,101,20,10K FW 35C,29.5,0,
20260929,round1,72,100,20,10K FW 35C,29.5,1,
20260929,round1,73,108,20,10K FW 35C,29.5,1,
20260929,round1,74,113,20,10K FW 35C,29.5,1,
20260929,round1,75,92,20,10K FW 35C,29.5,0,
20260930,round1,1,113,16,10K Control,48,1,
20260930,round1,2,99,16,10K Control,48,1,
20260930,round1,3,116,16,10K Control,48,0,
20260930,round1,4,111,16,10K Control,48,0,
20260930,round1,5,99,16,10K Control,48,1,
20260930,round1,6,116,16,10K Control,48,0,
20260930,round1,7,95,16,10K Control,48,0,
20260930,round1,8,96,16,10K Control,48,1,
20260930,round1,9,99,16,10K Control,48,1,
20260930,round1,10,107,16,10K Control,48,1,
20260930,round1,11,103,16,10K Control,48,1,
20260930,round1,12,100,16,10K Control,48,1,
20260930,round1,13,132,16,10K Control,48,0,
20260930,round1,14,117,16,10K Control,48,1,
20260930,round1,15,88,16,10K Control,48,1,
20260930,round1,16,102,17,10K FW,48,1,
20260930,round1,17,84,17,10K FW,48,1,
20260930,round1,18,106,17,10K FW,48,1,
20260930,round1,19,77,17,10K FW,48,1,
20260930,round1,20,94,17,10K FW,48,1,
20260930,round1,21,106,17,10K FW,48,1,
20260930,round1,22,102,17,10K FW,48,1,
20260930,round1,23,89,17,10K FW,48,1,
20260930,round1,24,90,17,10K FW,48,1,
20260930,round1,25,98,17,10K FW,48,0,
20260930,round1,26,113,17,10K FW,48,1,
20260930,round1,27,101,17,10K FW,48,1,
20260930,round1,28,98,17,10K FW,48,1,
20260930,round1,29,80,17,10K FW,48,0,
20260930,round1,30,105,17,10K FW,48,0,
20260930,round1,31,105,18,10K PolyIC,48,1,
20260930,round1,32,87,18,10K PolyIC,48,0,
20260930,round1,33,106,18,10K PolyIC,48,0,
20260930,round1,34,116,18,10K PolyIC,48,1,
20260930,round1,35,120,18,10K PolyIC,48,0,
20260930,round1,36,84,18,10K PolyIC,48,0,
20260930,round1,37,87,18,10K PolyIC,48,1,
20260930,round1,38,81,18,10K PolyIC,48,1,
20260930,round1,39,97,18,10K PolyIC,48,1,
20260930,round1,40,97,18,10K PolyIC,48,1,
20260930,round1,41,112,18,10K PolyIC,48,1,
20260930,round1,42,112,18,10K PolyIC,48,1,
20260930,round1,43,79,18,10K PolyIC,48,0,
20260930,round1,44,91,18,10K PolyIC,48,1,
20260930,round1,45,90,18,10K PolyIC,48,1,
20260930,round1,46,83,19,10K 35C,48,1,
20260930,round1,47,91,19,10K 35C,48,1,
20260930,round1,48,76,19,10K 35C,48,0,
20260930,round1,49,79,19,10K 35C,48,1,
20260930,round1,50,82,19,10K 35C,48,0,
20260930,round1,51,90,19,10K 35C,48,1,
20260930,round1,52,101,19,10K 35C,48,0,
20260930,round1,53,116,19,10K 35C,48,1,
20260930,round1,54,109,19,10K 35C,48,1,
20260930,round1,55,118,19,10K 35C,48,1,
20260930,round1,56,103,19,10K 35C,48,1,
20260930,round1,57,96,19,10K 35C,48,0,
20260930,round1,58,96,19,10K 35C,48,0,
20260930,round1,59,106,19,10K 35C,48,0,
20260930,round1,60,93,19,10K 35C,48,1,
20260930,round1,61,108,20,10K FW 35C,48,1,
20260930,round1,62,103,20,10K FW 35C,48,1,
20260930,round1,63,98,20,10K FW 35C,48,1,
20260930,round1,64,107,20,10K FW 35C,48,1,
20260930,round1,65,91,20,10K FW 35C,48,0,
20260930,round1,66,92,20,10K FW 35C,48,1,
20260930,round1,67,87,20,10K FW 35C,48,1,
20260930,round1,68,99,20,10K FW 35C,48,1,
20260930,round1,69,83,20,10K FW 35C,48,1,
20260930,round1,70,92,20,10K FW 35C,48,1,
20260930,round1,71,101,20,10K FW 35C,48,1,
20260930,round1,72,100,20,10K FW 35C,48,1,
20260930,round1,73,108,20,10K FW 35C,48,1,
20260930,round1,74,113,20,10K FW 35C,48,1,
20260930,round1,75,92,20,10K FW 35C,48,1,
20260930,round1,1,113,16,10K Control,54,1,
20260930,round1,2,99,16,10K Control,54,1,
20260930,round1,3,116,16,10K Control,54,1,
20260930,round1,4,111,16,10K Control,54,0,
20260930,round1,5,99,16,10K Control,54,1,
20260930,round1,6,116,16,10K Control,54,1,
20260930,round1,7,95,16,10K Control,54,1,
20260930,round1,8,96,16,10K Control,54,1,
20260930,round1,9,99,16,10K Control,54,1,
20260930,round1,10,107,16,10K Control,54,1,
20260930,round1,11,103,16,10K Control,54,1,
20260930,round1,12,100,16,10K Control,54,1,
20260930,round1,13,132,16,10K Control,54,1,
20260930,round1,14,117,16,10K Control,54,1,
20260930,round1,15,88,16,10K Control,54,1,
20260930,round1,16,102,17,10K FW,54,1,
20260930,round1,17,84,17,10K FW,54,1,
20260930,round1,18,106,17,10K FW,54,1,
20260930,round1,19,77,17,10K FW,54,1,
20260930,round1,20,94,17,10K FW,54,1,
20260930,round1,21,106,17,10K FW,54,1,
20260930,round1,22,102,17,10K FW,54,1,
20260930,round1,23,89,17,10K FW,54,1,
20260930,round1,24,90,17,10K FW,54,1,
20260930,round1,25,98,17,10K FW,54,1,
20260930,round1,26,113,17,10K FW,54,1,
20260930,round1,27,101,17,10K FW,54,1,
20260930,round1,28,98,17,10K FW,54,1,
20260930,round1,29,80,17,10K FW,54,1,
20260930,round1,30,105,17,10K FW,54,1,
20260930,round1,31,105,18,10K PolyIC,54,1,
20260930,round1,32,87,18,10K PolyIC,54,1,
20260930,round1,33,106,18,10K PolyIC,54,1,
20260930,round1,34,116,18,10K PolyIC,54,1,
20260930,round1,35,120,18,10K PolyIC,54,1,
20260930,round1,36,84,18,10K PolyIC,54,1,
20260930,round1,37,87,18,10K PolyIC,54,1,
20260930,round1,38,81,18,10K PolyIC,54,1,
20260930,round1,39,97,18,10K PolyIC,54,1,
20260930,round1,40,97,18,10K PolyIC,54,1,
20260930,round1,41,112,18,10K PolyIC,54,1,
20260930,round1,42,112,18,10K PolyIC,54,1,
20260930,round1,43,79,18,10K PolyIC,54,1,
20260930,round1,44,91,18,10K PolyIC,54,1,
20260930,round1,45,90,18,10K PolyIC,54,1,
20260930,round1,46,83,19,10K 35C,54,1,
20260930,round1,47,91,19,10K 35C,54,1,
20260930,round1,48,76,19,10K 35C,54,1,
20260930,round1,49,79,19,10K 35C,54,1,
20260930,round1,50,82,19,10K 35C,54,1,
20260930,round1,51,90,19,10K 35C,54,1,
20260930,round1,52,101,19,10K 35C,54,1,
20260930,round1,53,116,19,10K 35C,54,1,
20260930,round1,54,109,19,10K 35C,54,1,
20260930,round1,55,118,19,10K 35C,54,1,
20260930,round1,56,103,19,10K 35C,54,1,
20260930,round1,57,96,19,10K 35C,54,1,
20260930,round1,58,96,19,10K 35C,54,0,
20260930,round1,59,106,19,10K 35C,54,1,
20260930,round1,60,93,19,10K 35C,54,1,
20260930,round1,61,108,20,10K FW 35C,54,1,
20260930,round1,62,103,20,10K FW 35C,54,1,
20260930,round1,63,98,20,10K FW 35C,54,1,
20260930,round1,64,107,20,10K FW 35C,54,1,
20260930,round1,65,91,20,10K FW 35C,54,1,
20260930,round1,66,92,20,10K FW 35C,54,1,
20260930,round1,67,87,20,10K FW 35C,54,1,
20260930,round1,68,99,20,10K FW 35C,54,0,
20260930,round1,69,83,20,10K FW 35C,54,1,
20260930,round1,70,92,20,10K FW 35C,54,1,
20260930,round1,71,101,20,10K FW 35C,54,1,
20260930,round1,72,100,20,10K FW 35C,54,1,
20260930,round1,73,108,20,10K FW 35C,54,1,
20260930,round1,74,113,20,10K FW 35C,54,1,
20260930,round1,75,92,20,10K FW 35C,54,1,
20261001,round2,1,111,16,10K Control,0,0,
20261001,round2,2,90,16,10K Control,0,0,
20261001,round2,3,104,16,10K Control,0,0,
20261001,round2,4,95,16,10K Control,0,0,
20261001,round2,5,93,16,10K Control,0,0,
20261001,round2,6,82,16,10K Control,0,0,
20261001,round2,7,97,16,10K Control,0,0,
20261001,round2,8,97,16,10K Control,0,0,
20261001,round2,9,103,16,10K Control,0,0,
20261001,round2,10,123,16,10K Control,0,0,
20261001,round2,11,111,16,10K Control,0,0,
20261001,round2,12,107,16,10K Control,0,0,
20261001,round2,13,100,16,10K Control,0,0,
20261001,round2,14,106,16,10K Control,0,0,
20261001,round2,15,94,16,10K Control,0,0,
20261001,round2,16,113,17,10K FW,0,0,
20261001,round2,17,127,17,10K FW,0,0,
20261001,round2,18,106,17,10K FW,0,0,
20261001,round2,19,82,17,10K FW,0,0,
20261001,round2,20,96,17,10K FW,0,0,
20261001,round2,21,95,17,10K FW,0,0,
20261001,round2,22,101,17,10K FW,0,0,
20261001,round2,23,104,17,10K FW,0,0,
20261001,round2,24,76,17,10K FW,0,0,
20261001,round2,25,88,17,10K FW,0,0,
20261001,round2,26,82,17,10K FW,0,0,
20261001,round2,27,94,17,10K FW,0,0,
20261001,round2,28,107,17,10K FW,0,0,
20261001,round2,29,83,17,10K FW,0,0,
20261001,round2,30,87,17,10K FW,0,0,
20261001,round2,31,128,18,10K PolyIC,0,0,
20261001,round2,32,110,18,10K PolyIC,0,0,
20261001,round2,33,95,18,10K PolyIC,0,0,
20261001,round2,34,82,18,10K PolyIC,0,0,
20261001,round2,35,98,18,10K PolyIC,0,0,
20261001,round2,36,118,18,10K PolyIC,0,0,
20261001,round2,37,125,18,10K PolyIC,0,0,
20261001,round2,38,100,18,10K PolyIC,0,0,
20261001,round2,39,103,18,10K PolyIC,0,0,
20261001,round2,40,92,18,10K PolyIC,0,0,
20261001,round2,41,92,18,10K PolyIC,0,0,
20261001,round2,42,114,18,10K PolyIC,0,0,
20261001,round2,43,116,18,10K PolyIC,0,0,
20261001,round2,44,108,18,10K PolyIC,0,0,
20261001,round2,45,109,18,10K PolyIC,0,0,
20261001,round2,46,118,19,10K 35C,0,0,
20261001,round2,47,91,19,10K 35C,0,0,
20261001,round2,48,117,19,10K 35C,0,0,
20261001,round2,49,129,19,10K 35C,0,0,
20261001,round2,50,80,19,10K 35C,0,0,
20261001,round2,51,94,19,10K 35C,0,0,
20261001,round2,52,94,19,10K 35C,0,0,
20261001,round2,53,98,19,10K 35C,0,0,
20261001,round2,54,119,19,10K 35C,0,0,
20261001,round2,55,108,19,10K 35C,0,0,
20261001,round2,56,112,19,10K 35C,0,0,
20261001,round2,57,114,19,10K 35C,0,0,
20261001,round2,58,105,19,10K 35C,0,0,
20261001,round2,59,106,19,10K 35C,0,0,
20261001,round2,60,98,19,10K 35C,0,0,
20261001,round2,61,107,20,10K FW 35C,0,0,
20261001,round2,62,83,20,10K FW 35C,0,0,
20261001,round2,63,115,20,10K FW 35C,0,0,
20261001,round2,64,111,20,10K FW 35C,0,0,
20261001,round2,65,101,20,10K FW 35C,0,0,
20261001,round2,66,96,20,10K FW 35C,0,0,
20261001,round2,67,109,20,10K FW 35C,0,0,
20261001,round2,68,94,20,10K FW 35C,0,0,
20261001,round2,69,92,20,10K FW 35C,0,0,
20261001,round2,70,88,20,10K FW 35C,0,0,
20261001,round2,71,112,20,10K FW 35C,0,0,
20261001,round2,72,106,20,10K FW 35C,0,0,
20261001,round2,73,125,20,10K FW 35C,0,0,
20261001,round2,74,108,20,10K FW 35C,0,0,
20261001,round2,75,125,20,10K FW 35C,0,0,
20261001,round2,1,111,16,10K Control,5,0,
20261001,round2,2,90,16,10K Control,5,0,
20261001,round2,3,104,16,10K Control,5,0,
20261001,round2,4,95,16,10K Control,5,0,
20261001,round2,5,93,16,10K Control,5,0,
20261001,round2,6,82,16,10K Control,5,0,
20261001,round2,7,97,16,10K Control,5,0,
20261001,round2,8,97,16,10K Control,5,0,
20261001,round2,9,103,16,10K Control,5,0,
20261001,round2,10,123,16,10K Control,5,0,
20261001,round2,11,111,16,10K Control,5,0,
20261001,round2,12,107,16,10K Control,5,0,
20261001,round2,13,100,16,10K Control,5,0,
20261001,round2,14,106,16,10K Control,5,0,
20261001,round2,15,94,16,10K Control,5,0,
20261001,round2,16,113,17,10K FW,5,0,
20261001,round2,17,127,17,10K FW,5,0,
20261001,round2,18,106,17,10K FW,5,0,
20261001,round2,19,82,17,10K FW,5,0,
20261001,round2,20,96,17,10K FW,5,0,
20261001,round2,21,95,17,10K FW,5,0,
20261001,round2,22,101,17,10K FW,5,0,
20261001,round2,23,104,17,10K FW,5,0,
20261001,round2,24,76,17,10K FW,5,0,
20261001,round2,25,88,17,10K FW,5,0,
20261001,round2,26,82,17,10K FW,5,0,
20261001,round2,27,94,17,10K FW,5,0,
20261001,round2,28,107,17,10K FW,5,0,
20261001,round2,29,83,17,10K FW,5,0,
20261001,round2,30,87,17,10K FW,5,0,
20261001,round2,31,128,18,10K PolyIC,5,0,
20261001,round2,32,110,18,10K PolyIC,5,0,
20261001,round2,33,95,18,10K PolyIC,5,0,
20261001,round2,34,82,18,10K PolyIC,5,0,
20261001,round2,35,98,18,10K PolyIC,5,0,
20261001,round2,36,118,18,10K PolyIC,5,0,
20261001,round2,37,125,18,10K PolyIC,5,0,
20261001,round2,38,100,18,10K PolyIC,5,0,
20261001,round2,39,103,18,10K PolyIC,5,0,
20261001,round2,40,92,18,10K PolyIC,5,0,
20261001,round2,41,92,18,10K PolyIC,5,0,
20261001,round2,42,114,18,10K PolyIC,5,0,
20261001,round2,43,116,18,10K PolyIC,5,0,
20261001,round2,44,108,18,10K PolyIC,5,0,
20261001,round2,45,109,18,10K PolyIC,5,0,
20261001,round2,46,118,19,10K 35C,5,0,
20261001,round2,47,91,19,10K 35C,5,0,
20261001,round2,48,117,19,10K 35C,5,0,
20261001,round2,49,129,19,10K 35C,5,0,
20261001,round2,50,80,19,10K 35C,5,0,
20261001,round2,51,94,19,10K 35C,5,0,
20261001,round2,52,94,19,10K 35C,5,0,
20261001,round2,53,98,19,10K 35C,5,0,
20261001,round2,54,119,19,10K 35C,5,0,
20261001,round2,55,108,19,10K 35C,5,0,
20261001,round2,56,112,19,10K 35C,5,0,
20261001,round2,57,114,19,10K 35C,5,0,
20261001,round2,58,105,19,10K 35C,5,0,
20261001,round2,59,106,19,10K 35C,5,0,
20261001,round2,60,98,19,10K 35C,5,0,
20261001,round2,61,107,20,10K FW 35C,5,0,
20261001,round2,62,83,20,10K FW 35C,5,0,
20261001,round2,63,115,20,10K FW 35C,5,0,
20261001,round2,64,111,20,10K FW 35C,5,0,
20261001,round2,65,101,20,10K FW 35C,5,0,
20261001,round2,66,96,20,10K FW 35C,5,0,
20261001,round2,67,109,20,10K FW 35C,5,0,
20261001,round2,68,94,20,10K FW 35C,5,0,
20261001,round2,69,92,20,10K FW 35C,5,0,
20261001,round2,70,88,20,10K FW 35C,5,0,
20261001,round2,71,112,20,10K FW 35C,5,0,
20261001,round2,72,106,20,10K FW 35C,5,0,
20261001,round2,73,125,20,10K FW 35C,5,0,
20261001,round2,74,108,20,10K FW 35C,5,0,
20261001,round2,75,125,20,10K FW 35C,5,0,
20261002,round2,1,111,16,10K Control,24,0,
20261002,round2,2,90,16,10K Control,24,1,
20261002,round2,3,104,16,10K Control,24,0,
20261002,round2,4,95,16,10K Control,24,0,
20261002,round2,5,93,16,10K Control,24,1,
20261002,round2,6,82,16,10K Control,24,0,
20261002,round2,7,97,16,10K Control,24,0,
20261002,round2,8,97,16,10K Control,24,1,
20261002,round2,9,103,16,10K Control,24,0,
20261002,round2,10,123,16,10K Control,24,0,
20261002,round2,11,111,16,10K Control,24,0,
20261002,round2,12,107,16,10K Control,24,1,
20261002,round2,13,100,16,10K Control,24,1,
20261002,round2,14,106,16,10K Control,24,1,
20261002,round2,15,94,16,10K Control,24,0,
20261002,round2,16,113,17,10K FW,24,0,
20261002,round2,17,127,17,10K FW,24,1,
20261002,round2,18,106,17,10K FW,24,0,
20261002,round2,19,82,17,10K FW,24,0,
20261002,round2,20,96,17,10K FW,24,0,
20261002,round2,21,95,17,10K FW,24,0,
20261002,round2,22,101,17,10K FW,24,0,
20261002,round2,23,104,17,10K FW,24,0,
20261002,round2,24,76,17,10K FW,24,1,
20261002,round2,25,88,17,10K FW,24,0,
20261002,round2,26,82,17,10K FW,24,0,
20261002,round2,27,94,17,10K FW,24,1,
20261002,round2,28,107,17,10K FW,24,0,
20261002,round2,29,83,17,10K FW,24,0,
20261002,round2,30,87,17,10K FW,24,0,
20261002,round2,31,128,18,10K PolyIC,24,0,
20261002,round2,32,110,18,10K PolyIC,24,0,
20261002,round2,33,95,18,10K PolyIC,24,0,
20261002,round2,34,82,18,10K PolyIC,24,0,
20261002,round2,35,98,18,10K PolyIC,24,0,
20261002,round2,36,118,18,10K PolyIC,24,0,
20261002,round2,37,125,18,10K PolyIC,24,0,
20261002,round2,38,100,18,10K PolyIC,24,0,
20261002,round2,39,103,18,10K PolyIC,24,0,
20261002,round2,40,92,18,10K PolyIC,24,1,
20261002,round2,41,92,18,10K PolyIC,24,0,
20261002,round2,42,114,18,10K PolyIC,24,0,
20261002,round2,43,116,18,10K PolyIC,24,1,
20261002,round2,44,108,18,10K PolyIC,24,0,
20261002,round2,45,109,18,10K PolyIC,24,0,
20261002,round2,46,118,19,10K 35C,24,0,
20261002,round2,47,91,19,10K 35C,24,0,
20261002,round2,48,117,19,10K 35C,24,0,
20261002,round2,49,129,19,10K 35C,24,0,
20261002,round2,50,80,19,10K 35C,24,0,
20261002,round2,51,94,19,10K 35C,24,0,
20261002,round2,52,94,19,10K 35C,24,1,
20261002,round2,53,98,19,10K 35C,24,0,
20261002,round2,54,119,19,10K 35C,24,0,
20261002,round2,55,108,19,10K 35C,24,1,
20261002,round2,56,112,19,10K 35C,24,1,
20261002,round2,57,114,19,10K 35C,24,0,
20261002,round2,58,105,19,10K 35C,24,0,
20261002,round2,59,106,19,10K 35C,24,0,
20261002,round2,60,98,19,10K 35C,24,0,
20261002,round2,61,107,20,10K FW 35C,24,1,
20261002,round2,62,83,20,10K FW 35C,24,0,
20261002,round2,63,115,20,10K FW 35C,24,0,
20261002,round2,64,111,20,10K FW 35C,24,0,
20261002,round2,65,101,20,10K FW 35C,24,0,
20261002,round2,66,96,20,10K FW 35C,24,1,
20261002,round2,67,109,20,10K FW 35C,24,1,
20261002,round2,68,94,20,10K FW 35C,24,0,
20261002,round2,69,92,20,10K FW 35C,24,0,
20261002,round2,70,88,20,10K FW 35C,24,0,
20261002,round2,71,112,20,10K FW 35C,24,0,
20261002,round2,72,106,20,10K FW 35C,24,1,
20261002,round2,73,125,20,10K FW 35C,24,0,
20261002,round2,74,108,20,10K FW 35C,24,0,
20261002,round2,75,125,20,10K FW 35C,24,0,
20261002,round2,1,111,16,10K Control,29,0,
20261002,round2,2,90,16,10K Control,29,1,
20261002,round2,3,104,16,10K Control,29,0,
20261002,round2,4,95,16,10K Control,29,0,
20261002,round2,5,93,16,10K Control,29,1,
20261002,round2,6,82,16,10K Control,29,0,
20261002,round2,7,97,16,10K Control,29,0,
20261002,round2,8,97,16,10K Control,29,1,
20261002,round2,9,103,16,10K Control,29,0,
20261002,round2,10,123,16,10K Control,29,0,
20261002,round2,11,111,16,10K Control,29,0,
20261002,round2,12,107,16,10K Control,29,1,
20261002,round2,13,100,16,10K Control,29,1,
20261002,round2,14,106,16,10K Control,29,1,
20261002,round2,15,94,16,10K Control,29,0,
20261002,round2,16,113,17,10K FW,29,0,
20261002,round2,17,127,17,10K FW,29,1,
20261002,round2,18,106,17,10K FW,29,0,
20261002,round2,19,82,17,10K FW,29,0,
20261002,round2,20,96,17,10K FW,29,0,
20261002,round2,21,95,17,10K FW,29,0,
20261002,round2,22,101,17,10K FW,29,0,
20261002,round2,23,104,17,10K FW,29,0,
20261002,round2,24,76,17,10K FW,29,1,
20261002,round2,25,88,17,10K FW,29,0,
20261002,round2,26,82,17,10K FW,29,0,
20261002,round2,27,94,17,10K FW,29,1,
20261002,round2,28,107,17,10K FW,29,0,
20261002,round2,29,83,17,10K FW,29,0,
20261002,round2,30,87,17,10K FW,29,0,
20261002,round2,31,128,18,10K PolyIC,29,0,
20261002,round2,32,110,18,10K PolyIC,29,0,
20261002,round2,33,95,18,10K PolyIC,29,0,
20261002,round2,34,82,18,10K PolyIC,29,0,
20261002,round2,35,98,18,10K PolyIC,29,0,
20261002,round2,36,118,18,10K PolyIC,29,0,
20261002,round2,37,125,18,10K PolyIC,29,0,
20261002,round2,38,100,18,10K PolyIC,29,0,
20261002,round2,39,103,18,10K PolyIC,29,0,
20261002,round2,40,92,18,10K PolyIC,29,1,
20261002,round2,41,92,18,10K PolyIC,29,0,
20261002,round2,42,114,18,10K PolyIC,29,0,
20261002,round2,43,116,18,10K PolyIC,29,1,
20261002,round2,44,108,18,10K PolyIC,29,0,
20261002,round2,45,109,18,10K PolyIC,29,0,
20261002,round2,46,118,19,10K 35C,29,0,
20261002,round2,47,91,19,10K 35C,29,0,
20261002,round2,48,117,19,10K 35C,29,0,
20261002,round2,49,129,19,10K 35C,29,0,
20261002,round2,50,80,19,10K 35C,29,0,
20261002,round2,51,94,19,10K 35C,29,0,
20261002,round2,52,94,19,10K 35C,29,1,
20261002,round2,53,98,19,10K 35C,29,0,
20261002,round2,54,119,19,10K 35C,29,0,
20261002,round2,55,108,19,10K 35C,29,1,
20261002,round2,56,112,19,10K 35C,29,1,
20261002,round2,57,114,19,10K 35C,29,0,
20261002,round2,58,105,19,10K 35C,29,0,
20261002,round2,59,106,19,10K 35C,29,0,
20261002,round2,60,98,19,10K 35C,29,0,
20261002,round2,61,107,20,10K FW 35C,29,1,
20261002,round2,62,83,20,10K FW 35C,29,0,
20261002,round2,63,115,20,10K FW 35C,29,0,
20261002,round2,64,111,20,10K FW 35C,29,0,
20261002,round2,65,101,20,10K FW 35C,29,0,
20261002,round2,66,96,20,10K FW 35C,29,1,
20261002,round2,67,109,20,10K FW 35C,29,1,
20261002,round2,68,94,20,10K FW 35C,29,0,
20261002,round2,69,92,20,10K FW 35C,29,0,
20261002,round2,70,88,20,10K FW 35C,29,0,
20261002,round2,71,112,20,10K FW 35C,29,0,
20261002,round2,72,106,20,10K FW 35C,29,1,
20261002,round2,73,125,20,10K FW 35C,29,0,
20261002,round2,74,108,20,10K FW 35C,29,0,
20261002,round2,75,125,20,10K FW 35C,29,0,
20261003,round2,1,111,16,10K Control,48,1,
20261003,round2,2,90,16,10K Control,48,1,
20261003,round2,3,104,16,10K Control,48,0,
20261003,round2,4,95,16,10K Control,48,1,
20261003,round2,5,93,16,10K Control,48,1,
20261003,round2,6,82,16,10K Control,48,1,
20261003,round2,7,97,16,10K Control,48,1,
20261003,round2,8,97,16,10K Control,48,1,
20261003,round2,9,103,16,10K Control,48,1,
20261003,round2,10,123,16,10K Control,48,1,
20261003,round2,11,111,16,10K Control,48,1,
20261003,round2,12,107,16,10K Control,48,1,
20261003,round2,13,100,16,10K Control,48,1,
20261003,round2,14,106,16,10K Control,48,1,
20261003,round2,15,94,16,10K Control,48,1,
20261003,round2,16,113,17,10K FW,48,0,
20261003,round2,17,127,17,10K FW,48,1,
20261003,round2,18,106,17,10K FW,48,1,
20261003,round2,19,82,17,10K FW,48,1,
20261003,round2,20,96,17,10K FW,48,0,
20261003,round2,21,95,17,10K FW,48,1,
20261003,round2,22,101,17,10K FW,48,1,
20261003,round2,23,104,17,10K FW,48,1,
20261003,round2,24,76,17,10K FW,48,1,
20261003,round2,25,88,17,10K FW,48,1,
20261003,round2,26,82,17,10K FW,48,0,
20261003,round2,27,94,17,10K FW,48,1,
20261003,round2,28,107,17,10K FW,48,1,
20261003,round2,29,83,17,10K FW,48,0,
20261003,round2,30,87,17,10K FW,48,1,
20261003,round2,31,128,18,10K PolyIC,48,1,
20261003,round2,32,110,18,10K PolyIC,48,1,
20261003,round2,33,95,18,10K PolyIC,48,0,
20261003,round2,34,82,18,10K PolyIC,48,0,
20261003,round2,35,98,18,10K PolyIC,48,1,
20261003,round2,36,118,18,10K PolyIC,48,1,
20261003,round2,37,125,18,10K PolyIC,48,1,
20261003,round2,38,100,18,10K PolyIC,48,0,
20261003,round2,39,103,18,10K PolyIC,48,1,
20261003,round2,40,92,18,10K PolyIC,48,1,
20261003,round2,41,92,18,10K PolyIC,48,1,
20261003,round2,42,114,18,10K PolyIC,48,1,
20261003,round2,43,116,18,10K PolyIC,48,1,
20261003,round2,44,108,18,10K PolyIC,48,1,
20261003,round2,45,109,18,10K PolyIC,48,0,
20261003,round2,46,118,19,10K 35C,48,1,
20261003,round2,47,91,19,10K 35C,48,1,
20261003,round2,48,117,19,10K 35C,48,0,
20261003,round2,49,129,19,10K 35C,48,0,
20261003,round2,50,80,19,10K 35C,48,1,
20261003,round2,51,94,19,10K 35C,48,1,
20261003,round2,52,94,19,10K 35C,48,1,
20261003,round2,53,98,19,10K 35C,48,1,
20261003,round2,54,119,19,10K 35C,48,1,
20261003,round2,55,108,19,10K 35C,48,1,
20261003,round2,56,112,19,10K 35C,48,1,
20261003,round2,57,114,19,10K 35C,48,1,
20261003,round2,58,105,19,10K 35C,48,1,
20261003,round2,59,106,19,10K 35C,48,1,
20261003,round2,60,98,19,10K 35C,48,1,
20261003,round2,61,107,20,10K FW 35C,48,1,
20261003,round2,62,83,20,10K FW 35C,48,1,
20261003,round2,63,115,20,10K FW 35C,48,1,
20261003,round2,64,111,20,10K FW 35C,48,1,
20261003,round2,65,101,20,10K FW 35C,48,1,
20261003,round2,66,96,20,10K FW 35C,48,1,
20261003,round2,67,109,20,10K FW 35C,48,1,
20261003,round2,68,94,20,10K FW 35C,48,1,
20261003,round2,69,92,20,10K FW 35C,48,1,
20261003,round2,70,88,20,10K FW 35C,48,0,
20261003,round2,71,112,20,10K FW 35C,48,1,
20261003,round2,72,106,20,10K FW 35C,48,1,
20261003,round2,73,125,20,10K FW 35C,48,1,
20261003,round2,74,108,20,10K FW 35C,48,0,
20261003,round2,75,125,20,10K FW 35C,48,0,
20261003,round2,1,111,16,10K Control,55,1,
20261003,round2,2,90,16,10K Control,55,1,
20261003,round2,3,104,16,10K Control,55,1,
20261003,round2,4,95,16,10K Control,55,1,
20261003,round2,5,93,16,10K Control,55,1,
20261003,round2,6,82,16,10K Control,55,1,
20261003,round2,7,97,16,10K Control,55,1,
20261003,round2,8,97,16,10K Control,55,1,
20261003,round2,9,103,16,10K Control,55,1,
20261003,round2,10,123,16,10K Control,55,1,
20261003,round2,11,111,16,10K Control,55,1,
20261003,round2,12,107,16,10K Control,55,1,
20261003,round2,13,100,16,10K Control,55,1,
20261003,round2,14,106,16,10K Control,55,1,
20261003,round2,15,94,16,10K Control,55,1,
20261003,round2,16,113,17,10K FW,55,1,
20261003,round2,17,127,17,10K FW,55,1,
20261003,round2,18,106,17,10K FW,55,1,
20261003,round2,19,82,17,10K FW,55,1,
20261003,round2,20,96,17,10K FW,55,0,
20261003,round2,21,95,17,10K FW,55,1,
20261003,round2,22,101,17,10K FW,55,1,
20261003,round2,23,104,17,10K FW,55,1,
20261003,round2,24,76,17,10K FW,55,1,
20261003,round2,25,88,17,10K FW,55,1,
20261003,round2,26,82,17,10K FW,55,1,
20261003,round2,27,94,17,10K FW,55,1,
20261003,round2,28,107,17,10K FW,55,1,
20261003,round2,29,83,17,10K FW,55,1,
20261003,round2,30,87,17,10K FW,55,1,
20261003,round2,31,128,18,10K PolyIC,55,1,
20261003,round2,32,110,18,10K PolyIC,55,1,
20261003,round2,33,95,18,10K PolyIC,55,1,
20261003,round2,34,82,18,10K PolyIC,55,0,
20261003,round2,35,98,18,10K PolyIC,55,1,
20261003,round2,36,118,18,10K PolyIC,55,1,
20261003,round2,37,125,18,10K PolyIC,55,1,
20261003,round2,38,100,18,10K PolyIC,55,0,
20261003,round2,39,103,18,10K PolyIC,55,1,
20261003,round2,40,92,18,10K PolyIC,55,1,
20261003,round2,41,92,18,10K PolyIC,55,1,
20261003,round2,42,114,18,10K PolyIC,55,1,
20261003,round2,43,116,18,10K PolyIC,55,1,
20261003,round2,44,108,18,10K PolyIC,55,1,
20261003,round2,45,109,18,10K PolyIC,55,0,
20261003,round2,46,118,19,10K 35C,55,1,
20261003,round2,47,91,19,10K 35C,55,1,
20261003,round2,48,117,19,10K 35C,55,1,
20261003,round2,49,129,19,10K 35C,55,1,
20261003,round2,50,80,19,10K 35C,55,1,
20261003,round2,51,94,19,10K 35C,55,1,
20261003,round2,52,94,19,10K 35C,55,1,
20261003,round2,53,98,19,10K 35C,55,1,
20261003,round2,54,119,19,10K 35C,55,1,
20261003,round2,55,108,19,10K 35C,55,1,
20261003,round2,56,112,19,10K 35C,55,1,
20261003,round2,57,114,19,10K 35C,55,1,
20261003,round2,58,105,19,10K 35C,55,1,
20261003,round2,59,106,19,10K 35C,55,1,
20261003,round2,60,98,19,10K 35C,55,1,
20261003,round2,61,107,20,10K FW 35C,55,1,
20261003,round2,62,83,20,10K FW 35C,55,1,
20261003,round2,63,115,20,10K FW 35C,55,1,
20261003,round2,64,111,20,10K FW 35C,55,1,
20261003,round2,65,101,20,10K FW 35C,55,1,
20261003,round2,66,96,20,10K FW 35C,55,1,
20261003,round2,67,109,20,10K FW 35C,55,1,
20261003,round2,68,94,20,10K FW 35C,55,1,
20261003,round2,69,92,20,10K FW 35C,55,1,
20261003,round2,70,88,20,10K FW 35C,55,0,
20261003,round2,71,112,20,10K FW 35C,55,1,
20261003,round2,72,106,20,10K FW 35C,55,1,
20261003,round2,73,125,20,10K FW 35C,55,1,
20261003,round2,74,108,20,10K FW 35C,55,1,
20261003,round2,75,125,20,10K FW 35C,55,1,