date,round,time,cup,temp.C
20260928,round1,0,9,19.5
20260928,round1,0,15,19
20260928,round1,0,26,20.2
20260928,round1,0,36,19.3
20260928,round1,0,64,19.9
20260928,round1,4,4,34.1
20260928,round1,4,18,32
20260928,round1,4,29,33.6
20260928,round1,4,56,34.5
20260928,round1,4,57,32.8
20260929,round1,24,42,35.3
20260929,round1,24,50,32.3
20260929,round1,24,55,36
20260929,round1,24,57,33.7
20260929,round1,24,67,31.5
20260929,round1,29.5,6,35.3
20260929,round1,29.5,15,35.1
20260929,round1,29.5,16,35.5
20260929,round1,29.5,29,35.6
20260929,round1,29.5,51,35.6
20260930,round1,48,6,35.1
20260930,round1,48,25,34.6
20260930,round1,48,28,34.2
20260930,round1,48,30,34.6
20260930,round1,48,66,34.4
20260930,round1,54,13,36.3
20260930,round1,54,25,35.3
20260930,round1,54,30,33.9
20260930,round1,54,43,35.3
20260930,round1,54,65,34.8