date,purple.tag,tag.20250820,oyster,treatment,Predicted_Volume_Poly
20250820,13,NA,oyster1,Immune PolyIC,7065.823342665781
20250820,13,NA,oyster2,Immune PolyIC,10724.88643734107
20250820,13,NA,oyster3,Immune PolyIC,9370.726578987691
20250820,13,NA,oyster4,Immune PolyIC,10089.765175333636
20250820,13,NA,oyster5,Immune PolyIC,11523.535260477258
20250820,13,NA,oyster6,Immune PolyIC,21239.656668128457
20250820,13,NA,oyster7,Immune PolyIC,11973.11489700263
20250820,13,NA,oyster8,Immune PolyIC,9097.718115812668
20250820,13,NA,oyster9,Immune PolyIC,12876.587124818485
20250820,16,NA,oyster1,Immune PolyIC,20615.32552598416
20250820,16,NA,oyster2,Immune PolyIC,27325.83198391492
20250820,16,NA,oyster3,Immune PolyIC,36350.115872127644
20250820,16,NA,oyster4,Immune PolyIC,27085.43558648254
20250820,19,NA,oyster1,Salinity,40257.72813562317
20250820,19,NA,oyster2,Salinity,33023.95948460338
20250820,19,NA,oyster3,Salinity,19283.562404730343
20250820,19,NA,oyster4,Salinity,33717.299265557274
20250820,19,NA,oyster5,Salinity,47024.71786104131
20250820,19,NA,oyster6,Salinity,35163.15016370816
20250820,21,NA,oyster1,Salinity,31367.464746204965
20250820,21,NA,oyster2,Salinity,27671.221749136977
20250820,21,NA,oyster3,Salinity,48893.38928238113
20250820,21,NA,oyster6,Salinity,27258.679806181248
20250820,21,NA,oyster7,Salinity,28934.952324314207
20250820,21,NA,oyster8,Salinity,24458.559631075812
20250820,4,301,oyster1,Temperature+Salinity,22226.658747196914
20250820,4,301,oyster2,Temperature+Salinity,17293.24238488478
20250820,4,301,oyster3,Temperature+Salinity,22469.041008813427
20250820,4,301,oyster4,Temperature+Salinity,26810.264487512508
20250820,4,301,oyster5,Temperature+Salinity,18286.9160264788
20250820,4,301,oyster6,Temperature+Salinity,31240.70199346811
20250820,4,301,oyster7,Temperature+Salinity,12277.530958966594
20250820,4,301,oyster8,Temperature+Salinity,19037.63908284593
20250820,4,301,oyster9,Temperature+Salinity,20129.368155601453
20250820,4,301,oyster10,Temperature+Salinity,19901.782581653795
20250820,4,301,oyster11,Temperature+Salinity,20236.64663727592
20250820,4,301,oyster12,Temperature+Salinity,24291.685289076057
20250820,4,301,oyster13,Temperature+Salinity,20642.712154639277
20250820,4,301,oyster14,Temperature+Salinity,18440.386916856514
20250820,4,301,oyster15,Temperature+Salinity,19720.04237228232
20250820,4,301,oyster16,Temperature+Salinity,29319.15367303304
20250820,4,301,oyster17,Temperature+Salinity,16121.108294714546
20250820,4,301,oyster18,Temperature+Salinity,26213.130751729608
20250820,4,301,oyster19,Temperature+Salinity,14858.82729241943
20250820,4,301,oyster20,Temperature+Salinity,27090.38995157993
20250820,4,301,oyster21,Temperature+Salinity,8445.340788936903
20250820,4,301,oyster22,Temperature+Salinity,20762.30389655323
20250820,4,301,oyster23,Temperature+Salinity,16766.725873798987
20250820,4,301,oyster24,Temperature+Salinity,15047.841310950942
20250820,4,301,oyster25,Temperature+Salinity,18047.122550578013
20250820,4,301,oyster26,Temperature+Salinity,17229.398241945222
20250820,4,301,oyster27,Temperature+Salinity,31542.352352307116
20250820,4,301,oyster28,Temperature+Salinity,14778.981657997072
20250820,4,301,oyster29,Temperature+Salinity,27487.13352216731
20250820,4,301,oyster30,Temperature+Salinity,33622.37927565077
20250820,4,301,oyster31,Temperature+Salinity,30301.794804018376
20250820,4,301,oyster32,Temperature+Salinity,8542.340336069214
20250820,4,301,oyster33,Temperature+Salinity,19406.489978566136
20250820,4,301,oyster34,Temperature+Salinity,20114.42468891052
20250820,4,301,oyster35,Temperature+Salinity,4208.438510494032
20250820,4,301,oyster36,Temperature+Salinity,11374.511436957486
20250820,4,301,oyster37,Temperature+Salinity,25289.563083627076
20250820,4,301,oyster38,Temperature+Salinity,5503.169238898134
20250820,4,301,oyster39,Temperature+Salinity,14352.850808157413
20250820,4,301,oyster40,Temperature+Salinity,13500.815513012358
20250820,4,301,oyster41,Temperature+Salinity,22000.668686824232
20250820,4,301,oyster42,Temperature+Salinity,2142.8892960618455
20250820,4,301,oyster43,Temperature+Salinity,19749.041565448097
20250820,4,301,oyster44,Temperature+Salinity,8796.190867255245
20250820,4,301,oyster45,Temperature+Salinity,10932.963759885324
20250820,4,301,oyster46,Temperature+Salinity,35907.89950166376
20250820,4,301,oyster47,Temperature+Salinity,21638.767411753568
20250820,4,301,oyster48,Temperature+Salinity,15890.847621475792
20250820,4,301,oyster49,Temperature+Salinity,14235.465418237627
20250820,4,301,oyster50,Temperature+Salinity,17895.901496104536
20250820,4,301,oyster51,Temperature+Salinity,17230.27685294504
20250820,4,301,oyster52,Temperature+Salinity,13794.951200841775
20250820,4,301,oyster53,Temperature+Salinity,17557.882235298577
20250820,4,301,oyster54,Temperature+Salinity,13536.426153328344
20250820,4,301,oyster55,Temperature+Salinity,32567.91061821917
20250820,4,301,oyster56,Temperature+Salinity,17802.600755996296
20250820,4,301,oyster57,Temperature+Salinity,26711.345208847502
20250820,4,301,oyster58,Temperature+Salinity,20601.50133697409
20250820,4,301,oyster59,Temperature+Salinity,34392.31882131467
20250820,4,301,oyster60,Temperature+Salinity,17218.783458861806
20250820,4,301,oyster61,Temperature+Salinity,25358.922799874348
20250820,4,301,oyster62,Temperature+Salinity,18468.396539539783
20250820,4,301,oyster63,Temperature+Salinity,41895.444756131816
20250820,4,301,oyster64,Temperature+Salinity,13728.993814141453
20250820,4,301,oyster65,Temperature+Salinity,17937.153277162164
20250820,4,301,oyster66,Temperature+Salinity,29976.424514227987
20250820,4,301,oyster67,Temperature+Salinity,21988.380090451727
20250820,4,301,oyster68,Temperature+Salinity,8953.93677442891
20250820,4,301,oyster69,Temperature+Salinity,22614.438074588033
20250820,4,301,oyster70,Temperature+Salinity,32629.24687237979
20250820,4,301,oyster71,Temperature+Salinity,22750.01554926326
20250820,4,301,oyster72,Temperature+Salinity,9781.732183431612
20250820,4,301,oyster73,Temperature+Salinity,13837.06530604596
20250820,4,301,oyster74,Temperature+Salinity,20679.736891222354
20250820,4,301,oyster75,Temperature+Salinity,14884.955539700943
20250820,4,301,oyster76,Temperature+Salinity,42821.8408622568
20250820,4,301,oyster77,Temperature+Salinity,19178.393410900375
20250820,4,301,oyster78,Temperature+Salinity,11229.599592301074
20250820,15,302,oyster1,Immune PolyIC,42151.29494724241
20250820,15,302,oyster2,Immune PolyIC,16950.8133720711
20250820,15,302,oyster3,Immune PolyIC,22112.244160826045
20250820,15,302,oyster4,Immune PolyIC,30909.929602887176
20250820,15,302,oyster5,Immune PolyIC,25516.715675221687
20250820,15,302,oyster6,Immune PolyIC,23104.68743858614
20250820,15,302,oyster7,Immune PolyIC,10166.228795425579
20250820,18,303,oyster1,Immune PolyIC,13495.262948275327
20250820,18,303,oyster2,Immune PolyIC,42047.95714266441
20250820,18,303,oyster3,Immune PolyIC,24045.016358516834
20250820,18,303,oyster4,Immune PolyIC,26649.457969389074
20250820,18,303,oyster5,Immune PolyIC,15114.49376489671
20250820,18,303,oyster6,Immune PolyIC,10482.493968748662
20250820,18,303,oyster7,Immune PolyIC,26112.80213937608
20250820,18,303,oyster8,Immune PolyIC,26006.920172105543
20250820,18,303,oyster9,Immune PolyIC,10622.628540256572
20250820,18,303,oyster10,Immune PolyIC,5436.402437851729
20250820,18,303,oyster11,Immune PolyIC,11572.687656154329
20250820,18,303,oyster12,Immune PolyIC,28913.88687410092
20250820,18,303,oyster13,Immune PolyIC,26689.87481381436
20250820,18,303,oyster14,Immune PolyIC,18102.22572576006
20250820,18,303,oyster15,Immune PolyIC,14894.703638876364
20250820,18,303,oyster16,Immune PolyIC,22841.576821203045
20250820,18,303,oyster17,Immune PolyIC,23151.583851472595
20250820,18,303,oyster18,Immune PolyIC,11362.401308785651
20250820,18,303,oyster19,Immune PolyIC,18924.727669017313
20250820,18,303,oyster20,Immune PolyIC,23923.88605252696
20250820,18,303,oyster21,Immune PolyIC,15677.863293069888
20250820,18,303,oyster22,Immune PolyIC,24686.495733486867
20250820,18,303,oyster23,Immune PolyIC,12795.05147665031
20250820,18,303,oyster24,Immune PolyIC,20903.797898112764
20250820,18,303,oyster25,Immune PolyIC,17771.79417163629
20250820,18,303,oyster26,Immune PolyIC,21713.441163067953
20250820,18,303,oyster27,Immune PolyIC,11449.495940302373
20250820,18,303,oyster28,Immune PolyIC,29207.36030516504
20250820,18,303,oyster29,Immune PolyIC,6380.259832706867
20250820,18,303,oyster30,Immune PolyIC,19788.170438917932
20250820,18,303,oyster31,Immune PolyIC,11539.381134349103
20250820,18,303,oyster32,Immune PolyIC,25137.63614649747
20250820,18,303,oyster33,Immune PolyIC,20399.667153036684
20250820,18,303,oyster34,Immune PolyIC,18972.281486007487
20250820,18,303,oyster35,Immune PolyIC,10219.572432864557
20250820,18,303,oyster36,Immune PolyIC,13988.198917987635
20250820,18,303,oyster37,Immune PolyIC,30011.04139126333
20250820,18,303,oyster38,Immune PolyIC,47933.2839369907
20250820,18,303,oyster39,Immune PolyIC,18475.33562491003
20250820,18,303,oyster40,Immune PolyIC,10709.521041639171
20250820,18,303,oyster41,Immune PolyIC,24978.704830280207
20250820,18,303,oyster42,Immune PolyIC,16731.455454151346
20250820,18,303,oyster43,Immune PolyIC,18643.782921866037
20250820,18,303,oyster44,Immune PolyIC,14901.850454130696
20250820,18,303,oyster45,Immune PolyIC,16296.223332435537
20250820,18,303,oyster46,Immune PolyIC,22835.87362631084
20250820,18,303,oyster47,Immune PolyIC,22494.45365819865
20250820,18,303,oyster48,Immune PolyIC,24849.826024037036
20250820,18,303,oyster49,Immune PolyIC,23283.734082908908
20250820,3,304,oyster1,Temperature+Salinity,7807.934042160507
20250820,3,304,oyster2,Temperature+Salinity,8693.319690796581
20250820,3,304,oyster3,Temperature+Salinity,10938.770298648109
20250820,3,304,oyster4,Temperature+Salinity,7261.244748808497
20250820,3,304,oyster5,Temperature+Salinity,11843.749461382604
20250820,3,304,oyster6,Temperature+Salinity,3321.3130569118703
20250820,3,304,oyster7,Temperature+Salinity,4333.997803837587
20250820,3,304,oyster8,Temperature+Salinity,9868.799448094596
20250820,3,304,oyster9,Temperature+Salinity,14003.157782509703
20250820,3,304,oyster10,Temperature+Salinity,4648.303366720636
20250820,3,304,oyster11,Temperature+Salinity,13607.853127606833
20250820,3,304,oyster12,Temperature+Salinity,16508.210515025174
20250820,3,304,oyster13,Temperature+Salinity,12493.235309885053
20250820,3,304,oyster14,Temperature+Salinity,7143.763151428725
20250820,3,304,oyster15,Temperature+Salinity,8850.943691210443
20250820,3,304,oyster16,Temperature+Salinity,863.5784404890207
20250820,3,304,oyster17,Temperature+Salinity,8584.373533617603
20250820,3,304,oyster18,Temperature+Salinity,5126.836988260389
20250820,3,304,oyster19,Temperature+Salinity,16265.074487016944
20250820,3,304,oyster20,Temperature+Salinity,9335.01180868198
20250820,3,304,oyster21,Temperature+Salinity,18981.40296024232
20250820,3,304,oyster22,Temperature+Salinity,6002.957119115231
20250820,3,304,oyster23,Temperature+Salinity,1466.6211087854501
20250820,3,304,oyster24,Temperature+Salinity,7018.028617087388
20250820,3,304,oyster25,Temperature+Salinity,5723.6304068876825
20250820,3,304,oyster26,Temperature+Salinity,7984.071367734862
20250820,3,304,oyster27,Temperature+Salinity,18243.00900104217
20250820,3,304,oyster28,Temperature+Salinity,29524.54341963865
20250820,3,304,oyster29,Temperature+Salinity,22323.530276330865
20250820,3,304,oyster30,Temperature+Salinity,8617.697608833922
20250820,3,304,oyster31,Temperature+Salinity,19208.383762841917
20250820,3,304,oyster32,Temperature+Salinity,20636.197925712393
20250820,3,304,oyster33,Temperature+Salinity,11506.749308928047
20250820,3,304,oyster34,Temperature+Salinity,16888.292007478267
20250820,3,304,oyster35,Temperature+Salinity,14580.153786409866
20250820,3,304,oyster36,Temperature+Salinity,20897.72658863589
20250820,3,304,oyster37,Temperature+Salinity,16068.991698591044
20250820,3,304,oyster38,Temperature+Salinity,12537.890961611802
20250820,3,304,oyster39,Temperature+Salinity,7046.876054089036
20250820,3,304,oyster40,Temperature+Salinity,9931.219733259639
20250820,3,304,oyster41,Temperature+Salinity,23218.16235662974
20250820,3,304,oyster42,Temperature+Salinity,5467.829105551763
20250820,3,304,oyster43,Temperature+Salinity,25281.65364505461
20250820,3,304,oyster44,Temperature+Salinity,12773.113061112943
20250820,3,304,oyster45,Temperature+Salinity,34501.18035443562
20250820,3,304,oyster46,Temperature+Salinity,16448.475813412464
20250820,14,305,oyster1,Immune PolyIC,12993.13362382272
20250820,14,305,oyster2,Immune PolyIC,21641.189877322584
20250820,14,305,oyster3,Immune PolyIC,10824.233338619295
20250820,14,305,oyster4,Immune PolyIC,21658.692076841504
20250820,14,305,oyster5,Immune PolyIC,4225.526661651978
20250820,14,305,oyster6,Immune PolyIC,21190.128457250303
20250820,14,305,oyster7,Immune PolyIC,24349.27735168729
20250820,14,305,oyster8,Immune PolyIC,20990.424810724464
20250820,14,305,oyster9,Immune PolyIC,34357.723457332475
20250820,14,305,oyster10,Immune PolyIC,32693.197299737367
20250820,14,305,oyster11,Immune PolyIC,29002.12422397077
20250820,14,305,oyster12,Immune PolyIC,23012.694372662398
20250820,14,305,oyster13,Immune PolyIC,28156.12599134214
20250820,14,305,oyster14,Immune PolyIC,23569.102377154333
20250820,14,305,oyster15,Immune PolyIC,31990.475350840872
20250820,14,305,oyster16,Immune PolyIC,20222.555981853155
20250820,14,305,oyster17,Immune PolyIC,11378.686478325659
20250820,14,305,oyster18,Immune PolyIC,33968.45249994766
20250820,14,305,oyster19,Immune PolyIC,26947.062756192743
20250820,14,305,oyster20,Immune PolyIC,37953.68396434198
20250820,14,305,oyster21,Immune PolyIC,21690.63535594373
20250820,14,305,oyster22,Immune PolyIC,24236.01651739651
20250820,14,305,oyster23,Immune PolyIC,31021.887529583324
20250820,14,305,oyster24,Immune PolyIC,30747.32846230787
20250820,14,305,oyster25,Immune PolyIC,22401.973077622446
20250820,14,305,oyster26,Immune PolyIC,21951.193963930273
20250820,14,305,oyster27,Immune PolyIC,25384.065156524208
20250820,14,305,oyster28,Immune PolyIC,36545.87249526806
20250820,14,305,oyster29,Immune PolyIC,21637.916123790103
20250820,14,305,oyster30,Immune PolyIC,23674.020782430693
20250820,14,305,oyster31,Immune PolyIC,17228.480596074183
20250820,14,305,oyster32,Immune PolyIC,29866.100022928505
20250820,14,305,oyster33,Immune PolyIC,36524.60237537917
20250820,14,305,oyster34,Immune PolyIC,16761.930105788924
20250820,14,305,oyster35,Immune PolyIC,17126.816849835555
20250820,14,305,oyster36,Immune PolyIC,32467.54163809175
20250820,14,305,oyster37,Immune PolyIC,30413.25216098774
20250820,14,305,oyster38,Immune PolyIC,22697.176257218238
20250820,5,306,oyster1,Temperature+Salinity,28146.4428226514
20250820,5,306,oyster2,Temperature+Salinity,21045.102154584634
20250820,5,306,oyster3,Temperature+Salinity,9334.787326038762
20250820,5,306,oyster4,Temperature+Salinity,28710.518472897795
20250820,5,306,oyster5,Temperature+Salinity,31332.176308655
20250820,5,306,oyster6,Temperature+Salinity,18401.661738290546
20250820,5,306,oyster7,Temperature+Salinity,17904.890102162186
20250820,5,306,oyster8,Temperature+Salinity,26945.58332802047
20250820,5,306,oyster9,Temperature+Salinity,11906.55413329287
20250820,5,306,oyster10,Temperature+Salinity,30656.33626345795
20250820,5,306,oyster11,Temperature+Salinity,14525.568947926591
20250820,5,306,oyster12,Temperature+Salinity,18154.64383525795
20250820,5,306,oyster13,Temperature+Salinity,17237.96862551697
20250820,5,306,oyster14,Temperature+Salinity,21516.59018501363
20250820,5,306,oyster15,Temperature+Salinity,26500.002984047176
20250820,5,306,oyster16,Temperature+Salinity,24065.39383696268
20250820,5,306,oyster17,Temperature+Salinity,13131.755118486488
20250820,5,306,oyster18,Temperature+Salinity,25002.580776545845
20250820,5,306,oyster19,Temperature+Salinity,23142.892404345694
20250820,5,306,oyster20,Temperature+Salinity,32393.814437749177
20250820,5,306,oyster21,Temperature+Salinity,28651.67134622234
20250820,5,306,oyster22,Temperature+Salinity,12627.606156723212
20250820,5,306,oyster23,Temperature+Salinity,33449.0762202998
20250820,5,306,oyster24,Temperature+Salinity,20810.82913082809
20250820,5,306,oyster25,Temperature+Salinity,24344.91387115681
20250820,5,306,oyster26,Temperature+Salinity,19389.5259519566
20250820,5,306,oyster27,Temperature+Salinity,10813.38978620411
20250820,5,306,oyster28,Temperature+Salinity,20590.79600344699
20250820,5,306,oyster29,Temperature+Salinity,20797.388590915903
20250820,5,306,oyster30,Temperature+Salinity,17388.031454836975
20250820,5,306,oyster31,Temperature+Salinity,17863.800688180032
20250820,5,306,oyster32,Temperature+Salinity,12662.8478063521
20250820,5,306,oyster33,Temperature+Salinity,18890.65224552102
20250820,5,306,oyster34,Temperature+Salinity,13344.795299976966
20250820,5,306,oyster35,Temperature+Salinity,19294.564912932474
20250820,5,306,oyster36,Temperature+Salinity,13647.899436052585
20250820,5,306,oyster37,Temperature+Salinity,38482.13912241617
20250820,5,306,oyster38,Temperature+Salinity,23795.427657721324
20250820,5,306,oyster39,Temperature+Salinity,14377.776971952278
20250820,5,306,oyster40,Temperature+Salinity,10319.611845426029
20250820,5,306,oyster41,Temperature+Salinity,28008.852775991927
20250820,5,306,oyster42,Temperature+Salinity,26755.246689984073
20250820,5,306,oyster43,Temperature+Salinity,23343.172192658945
20250820,5,306,oyster44,Temperature+Salinity,13319.845847164039
20250820,5,306,oyster45,Temperature+Salinity,13393.81589448894
20250820,5,306,oyster46,Temperature+Salinity,16921.67015880672
20250820,5,306,oyster47,Temperature+Salinity,25839.48387567254
20250820,5,306,oyster48,Temperature+Salinity,23505.057177992327
20250820,5,306,oyster49,Temperature+Salinity,32322.322060151273
20250820,5,306,oyster50,Temperature+Salinity,27633.090645898297
20250820,5,306,oyster51,Temperature+Salinity,16960.327204949896
20250820,5,306,oyster52,Temperature+Salinity,15448.962416424127
20250820,5,306,oyster53,Temperature+Salinity,16056.62831164005
20250820,5,306,oyster54,Temperature+Salinity,18538.485760507585
20250820,5,306,oyster55,Temperature+Salinity,39954.514658401575
20250820,5,306,oyster56,Temperature+Salinity,24337.1880274046
20250820,5,306,oyster57,Temperature+Salinity,21207.20019048341
20250820,5,306,oyster58,Temperature+Salinity,17877.890478146965
20250820,5,306,oyster59,Temperature+Salinity,27014.585568003502
20250820,5,306,oyster60,Temperature+Salinity,22691.317337087745
20250820,5,306,oyster61,Temperature+Salinity,28133.089458545346
20250820,5,306,oyster62,Temperature+Salinity,19518.703078428585
20250820,5,306,oyster63,Temperature+Salinity,28759.72313647219
20250820,5,306,oyster64,Temperature+Salinity,18775.284939499245
20250820,5,306,oyster65,Temperature+Salinity,10078.484283100592
20250820,5,306,oyster66,Temperature+Salinity,31217.73009388222
20250820,22,307,oyster1,Salinity,18306.38451247216
20250820,22,307,oyster2,Salinity,10504.751118325745
20250820,22,307,oyster3,Salinity,7808.315893128516
20250820,22,307,oyster4,Salinity,18643.47332465094
20250820,22,307,oyster5,Salinity,14394.993047835003
20250820,22,307,oyster6,Salinity,11458.611493016806
20250820,22,307,oyster7,Salinity,14548.232912632568
20250820,22,307,oyster8,Salinity,19645.71072727872
20250820,22,307,oyster9,Salinity,10648.051254429014
20250820,22,307,oyster10,Salinity,10393.317569752484
20250820,22,307,oyster11,Salinity,14789.448106631811
20250820,22,307,oyster12,Salinity,19641.81220538407
20250820,22,307,oyster13,Salinity,18211.442595735094
20250820,22,307,oyster14,Salinity,20671.787625533052
20250820,22,307,oyster15,Salinity,14807.810080401576
20250820,22,307,oyster16,Salinity,15769.51294066738
20250820,22,307,oyster17,Salinity,38515.69646649642
20250820,22,307,oyster18,Salinity,13065.7987231529
20250820,22,307,oyster19,Salinity,13533.815257412534
20250820,22,307,oyster20,Salinity,21052.677927146513
20250820,22,307,oyster21,Salinity,13531.479384964148
20250820,22,307,oyster22,Salinity,13530.29441398376
20250820,22,307,oyster23,Salinity,8628.179623537604
20250820,22,307,oyster24,Salinity,10970.081196122866
20250820,22,307,oyster25,Salinity,10903.330627087493
20250820,22,307,oyster26,Salinity,18760.380484706093
20250820,22,307,oyster27,Salinity,6459.683480814795
20250820,22,307,oyster28,Salinity,36156.313700386214
20250820,22,307,oyster29,Salinity,15205.867280903813
20250820,22,307,oyster30,Salinity,18098.658513566676
20250820,22,307,oyster31,Salinity,14800.274119004544
20250820,22,307,oyster32,Salinity,13935.749481435898
20250820,22,307,oyster33,Salinity,11426.077449495557
20250820,22,307,oyster34,Salinity,16794.732960267014
20250820,22,307,oyster35,Salinity,19607.570797561304
20250820,22,307,oyster36,Salinity,24660.67741400712
20250820,22,307,oyster37,Salinity,13465.001380339372
20250820,22,307,oyster38,Salinity,20663.390966827355
20250820,22,307,oyster39,Salinity,6437.274496477465
20250820,22,307,oyster40,Salinity,20468.428318676775
20250820,22,307,oyster41,Salinity,4243.83472401428
20250820,22,307,oyster42,Salinity,5190.9914792898035
20250820,22,307,oyster43,Salinity,23363.594269077745
20250820,22,307,oyster44,Salinity,8655.564606086778
20250820,22,307,oyster45,Salinity,15909.04704469676
20250820,22,307,oyster46,Salinity,20811.18231223656
20250820,22,307,oyster47,Salinity,21602.273270839378
20250820,22,307,oyster48,Salinity,28260.917774858117
20250820,22,307,oyster49,Salinity,14346.889432388942
20250820,22,307,oyster50,Salinity,23715.581836200334
20250820,22,307,oyster51,Salinity,29310.492115471632
20250820,22,307,oyster52,Salinity,17005.948430417156
20250820,22,307,oyster53,Salinity,25049.704769131138
20250820,22,307,oyster54,Salinity,19295.721105759967
20250820,22,307,oyster55,Salinity,14690.905074171147
20250820,22,307,oyster56,Salinity,11629.974118888997
20250820,22,307,oyster57,Salinity,19750.128188238396
20250820,22,307,oyster58,Salinity,14068.577289397448
20250820,22,307,oyster59,Salinity,14942.407629625284
20250820,22,307,oyster60,Salinity,19933.509997922596
20250820,22,307,oyster61,Salinity,9818.725388673778
20250820,22,307,oyster62,Salinity,20927.109117055046
20250820,22,307,oyster63,Salinity,16483.259582147548
20250820,22,307,oyster64,Salinity,16465.93583139726
20250820,22,307,oyster65,Salinity,39278.68291781337
20250820,22,307,oyster66,Salinity,21416.106239800043
20250820,22,307,oyster67,Salinity,11653.35772815735
20250820,22,307,oyster68,Salinity,12868.572574789505
20250820,22,307,oyster69,Salinity,20698.08504365898
20250820,22,307,oyster70,Salinity,11915.400569912426
20250820,22,307,oyster71,Salinity,8885.30820743339
20250820,22,307,oyster72,Salinity,32853.35343495659
20250820,22,307,oyster73,Salinity,25921.465463835393
20250820,22,307,oyster74,Salinity,27182.79430108119
20250820,22,307,oyster75,Salinity,25269.45547225712
20250820,22,307,oyster76,Salinity,37942.97978965681
20250820,22,307,oyster77,Salinity,34919.68780420959
20250820,22,307,oyster78,Salinity,43971.96459667497
20250820,22,307,oyster79,Salinity,23764.770472838554
20250820,23,308,oyster1,Salinity,23109.397676373275
20250820,23,308,oyster2,Salinity,23979.228586705096
20250820,23,308,oyster3,Salinity,28312.874547507916
20250820,23,308,oyster4,Salinity,18366.05245795986
20250820,23,308,oyster5,Salinity,23984.1912518315
20250820,23,308,oyster6,Salinity,24431.686229869854
20250820,23,308,oyster7,Salinity,13453.057635500605
20250820,23,308,oyster8,Salinity,22916.888999738316
20250820,23,308,oyster9,Salinity,19325.80621611881
20250820,23,308,oyster10,Salinity,34345.6918767442
20250820,23,308,oyster11,Salinity,19423.29141225339
20250820,23,308,oyster12,Salinity,17125.356378378045
20250820,23,308,oyster13,Salinity,8517.993455091475
20250820,23,308,oyster14,Salinity,13707.015906623199
20250820,23,308,oyster15,Salinity,24678.07409188669
20250820,23,308,oyster16,Salinity,17243.832768623284
20250820,23,308,oyster17,Salinity,22804.13737521752
20250820,23,308,oyster18,Salinity,11233.900454558512
20250820,23,308,oyster19,Salinity,6689.879701195884
20250820,23,308,oyster20,Salinity,30722.992236755636
20250820,23,308,oyster21,Salinity,17167.910886618778
20250820,23,308,oyster22,Salinity,20139.763714664936
20250820,23,308,oyster23,Salinity,4824.840371424283
20250820,23,308,oyster24,Salinity,29295.32795024857
20250820,23,308,oyster25,Salinity,45925.012965198126
20250820,23,308,oyster26,Salinity,13853.805109494862
20250820,23,308,oyster27,Salinity,27832.906228027696
20250820,23,308,oyster28,Salinity,23165.216554682007
20250820,23,308,oyster29,Salinity,11376.745449310325
20250820,23,308,oyster30,Salinity,12021.315141061801
20250820,23,308,oyster31,Salinity,14957.461152289321
20250820,23,308,oyster33,Salinity,20163.407674892256
20250820,23,308,oyster34,Salinity,10400.901602249545
20250820,23,308,oyster35,Salinity,22214.161956307875
20250820,23,308,oyster37,Salinity,12821.46536768715
20250820,23,308,oyster38,Salinity,23248.212841361576
20250820,23,308,oyster39,Salinity,33587.60990521312
20250820,23,308,oyster40,Salinity,37806.17093495715
20250820,23,308,oyster41,Salinity,14192.746869075383
20250820,23,308,oyster42,Salinity,27066.042809324095
20250820,23,308,oyster43,Salinity,17588.979964331702
20250820,23,308,oyster44,Salinity,30186.180972684404
20250820,23,308,oyster45,Salinity,59101.340749128496
20250820,23,308,oyster46,Salinity,4106.910114741246
20250820,23,308,oyster47,Salinity,27533.280675647384
20250820,23,308,oyster48,Salinity,29495.30034781772
20250820,23,308,oyster49,Salinity,26815.9340365162
20250820,23,308,oyster50,Salinity,10466.123117876867
20250820,23,308,oyster51,Salinity,43352.80148530896
20250820,23,308,oyster52,Salinity,19651.054889482857
20250820,23,308,oyster53,Salinity,32709.93648041344
20250820,23,308,oyster54,Salinity,37259.58606634302
20250820,23,308,oyster55,Salinity,18886.07044942253
20250820,23,308,oyster56,Salinity,9967.9597519463
20250820,23,308,oyster57,Salinity,16239.96047847326
20250820,23,308,oyster58,Salinity,31751.826293557893
20250820,23,308,oyster59,Salinity,22152.782222589416
20250820,23,308,oyster60,Salinity,41967.054611471794
20250820,23,308,oyster61,Salinity,31170.091741102202
20250820,23,308,oyster62,Salinity,54722.830353370904
20250820,23,308,oyster63,Salinity,25491.206284373333
20250820,23,308,oyster64,Salinity,35728.966792430125
20250820,23,308,oyster65,Salinity,20284.534839503856
20250820,23,308,oyster66,Salinity,20656.6027038813
20250820,23,308,oyster67,Salinity,9294.89598931848
20250820,23,308,oyster68,Salinity,54183.936513420325
20250820,23,308,oyster69,Salinity,18779.041659055205
20250820,23,308,oyster71,Salinity,15080.33318055736
20250820,23,308,oyster72,Salinity,29104.910841580044
20250820,23,308,oyster73,Salinity,31161.964222063256
20250820,23,308,oyster74,Salinity,35888.40247514555
20250820,8,309,oyster1,Temperature,18728.574750004587
20250820,8,309,oyster2,Temperature,29773.48647082818
20250820,8,309,oyster3,Temperature,20080.28960921541
20250820,8,309,oyster4,Temperature,15045.036851023531
20250820,8,309,oyster5,Temperature,15536.249870386466
20250820,8,309,oyster6,Temperature,18346.59592085518
20250820,8,309,oyster7,Temperature,23460.210670572254
20250820,8,309,oyster8,Temperature,11142.13740409436
20250820,8,309,oyster9,Temperature,21896.976973868957
20250820,8,309,oyster10,Temperature,16620.653710849772
20250820,8,309,oyster11,Temperature,9192.152035274035
20250820,8,309,oyster12,Temperature,11275.751990396433
20250820,8,309,oyster13,Temperature,22904.04311388787
20250820,8,309,oyster14,Temperature,32287.86204843042
20250820,8,309,oyster15,Temperature,9175.40849358167
20250820,8,309,oyster16,Temperature,43628.3299629065
20250820,8,309,oyster17,Temperature,7509.9658977033405
20250820,8,309,oyster18,Temperature,18562.864444815466
20250820,8,309,oyster19,Temperature,16911.78447589919
20250820,8,309,oyster20,Temperature,32580.385654586753
20250820,8,309,oyster21,Temperature,15455.131495671822
20250820,8,309,oyster22,Temperature,19337.88300451076
20250820,8,309,oyster23,Temperature,16495.575746148155
20250820,8,309,oyster24,Temperature,12396.173629460536
20250820,8,309,oyster25,Temperature,9590.606454786292
20250820,8,309,oyster26,Temperature,22963.70946047398
20250820,8,309,oyster27,Temperature,32477.11221486202
20250820,8,309,oyster28,Temperature,22042.16163552415
20250820,8,309,oyster29,Temperature,33045.93865899968
20250820,8,309,oyster30,Temperature,21161.73245144793
20250820,8,309,oyster31,Temperature,10775.617027229766
20250820,8,309,oyster32,Temperature,15173.839954093413
20250820,8,309,oyster33,Temperature,26657.705667284125
20250820,8,309,oyster34,Temperature,23199.29498440136
20250820,8,309,oyster35,Temperature,10932.169582039518
20250820,8,309,oyster36,Temperature,30723.29196730268
20250820,8,309,oyster37,Temperature,43901.22395825944
20250820,8,309,oyster38,Temperature,27050.54233765826
20250820,8,309,oyster39,Temperature,14886.216366373956
20250820,8,309,oyster40,Temperature,19757.87034648453
20250820,8,309,oyster41,Temperature,18639.30957304011
20250820,8,309,oyster42,Temperature,15081.495105367598
20250820,8,309,oyster43,Temperature,18351.21852500035
20250820,8,309,oyster44,Temperature,21082.904470347035
20250820,8,309,oyster45,Temperature,36154.992101509466
20250820,8,309,oyster46,Temperature,27101.947392324975
20250820,8,309,oyster47,Temperature,30921.223511896376
20250820,8,309,oyster48,Temperature,28414.925970210654
20250820,8,309,oyster49,Temperature,14900.298248606496
20250820,8,309,oyster50,Temperature,48935.01745327649
20250820,8,309,oyster51,Temperature,30440.11501276847
20250820,8,309,oyster52,Temperature,47413.703879357774
20250820,27,310,oyster1,Control,35328.882799374034
20250820,27,310,oyster2,Control,35631.36765540649
20250820,27,310,oyster3,Control,17684.56199089519
20250820,27,310,oyster4,Control,20710.588484514934
20250820,27,310,oyster5,Control,12616.532989602994
20250820,27,310,oyster6,Control,35327.0084630191
20250820,27,310,oyster7,Control,38000.874021455515
20250820,27,310,oyster8,Control,24624.630442899565
20250820,27,310,oyster9,Control,23448.873486669807
20250820,27,310,oyster10,Control,33633.78049061643
20250820,27,310,oyster11,Control,28236.555875610728
20250820,27,310,oyster12,Control,36061.41830388839
20250820,27,310,oyster13,Control,31118.437648836654
20250820,27,310,oyster14,Control,19948.130951250783
20250820,27,310,oyster15,Control,25612.929190474937
20250820,27,310,oyster16,Control,39065.5375398398
20250820,27,310,oyster17,Control,24491.90179168772
20250820,27,310,oyster18,Control,23891.190426999274
20250820,27,310,oyster19,Control,33558.14217917591
20250820,7,311,oyster1,Temperature,9671.106286033892
20250820,7,311,oyster2,Temperature,11509.487597470015
20250820,7,311,oyster3,Temperature,5718.570631641782
20250820,7,311,oyster4,Temperature,18993.63536894145
20250820,7,311,oyster5,Temperature,25369.581959443138
20250820,7,311,oyster6,Temperature,14442.089646944813
20250820,7,311,oyster7,Temperature,8018.620870751872
20250820,7,311,oyster8,Temperature,3622.9923140066558
20250820,7,311,oyster9,Temperature,28486.988120393267
20250820,7,311,oyster10,Temperature,8184.022673525374
20250820,7,311,oyster11,Temperature,4749.479423448921
20250820,7,311,oyster12,Temperature,13471.753290357108
20250820,7,311,oyster13,Temperature,18808.702780022108
20250820,7,311,oyster14,Temperature,2540.5268538827704
20250820,7,311,oyster15,Temperature,2543.5032290934937
20250820,7,311,oyster16,Temperature,1321.0014978608299
20250820,7,311,oyster17,Temperature,879.1602839395784
20250820,7,311,oyster18,Temperature,2891.019995008816
20250820,7,311,oyster19,Temperature,4871.883461615416
20250820,7,311,oyster20,Temperature,5155.887902734321
20250820,7,311,oyster21,Temperature,5264.33071612207
20250820,7,311,oyster22,Temperature,951.5858557605981
20250820,7,311,oyster23,Temperature,5976.517019905838
20250820,7,311,oyster24,Temperature,6420.755171695808
20250820,7,311,oyster25,Temperature,1838.2908453582957
20250820,7,311,oyster26,Temperature,5075.996226003128
20250820,7,311,oyster27,Temperature,14229.779683236477
20250820,7,311,oyster28,Temperature,1954.8877803751127
20250820,7,311,oyster29,Temperature,3633.3057907155735
20250820,7,311,oyster30,Temperature,2072.460653910433
20250820,7,311,oyster31,Temperature,8437.593205325637
20250820,7,311,oyster32,Temperature,23075.764705663452
20250820,7,311,oyster33,Temperature,10368.462724611645
20250820,7,311,oyster34,Temperature,3509.0582246958825
20250820,7,311,oyster35,Temperature,5114.872706717768
20250820,7,311,oyster36,Temperature,37667.117623553575
20250820,7,311,oyster37,Temperature,3883.936662825985
20250820,7,311,oyster38,Temperature,6715.824338023585
20250820,7,311,oyster39,Temperature,14278.962755901723
20250820,7,311,oyster40,Temperature,12804.618076379571
20250820,7,311,oyster41,Temperature,1612.8871741614646
20250820,7,311,oyster42,Temperature,7281.9011473802975
20250820,7,311,oyster43,Temperature,37879.23829203502
20250820,7,311,oyster44,Temperature,9443.590008530957
20250820,7,311,oyster45,Temperature,9825.921902272998
20250820,7,311,oyster46,Temperature,11110.369667063305
20250820,7,311,oyster47,Temperature,4331.667638190033
20250820,7,311,oyster48,Temperature,4402.772302151548
20250820,7,311,oyster49,Temperature,6679.606326634763
20250820,7,311,oyster50,Temperature,10909.370906028355
20250820,7,311,oyster51,Temperature,5175.035361767574
20250820,7,311,oyster52,Temperature,22138.01264005466
20250820,7,311,oyster53,Temperature,8434.59326194437
20250820,7,311,oyster54,Temperature,2900.0457056041646
20250820,7,311,oyster55,Temperature,4695.103357493763
20250820,7,311,oyster56,Temperature,29361.909379965553
20250820,7,311,oyster57,Temperature,6455.774165774951
20250820,7,311,oyster58,Temperature,1096.2390257126788
20250820,7,311,oyster59,Temperature,14155.996957723892
20250820,7,311,oyster60,Temperature,31329.271178584302
20250820,7,311,oyster61,Temperature,10938.062028375327
20250820,7,311,oyster62,Temperature,38341.73351880771
20250820,7,311,oyster63,Temperature,36846.12228273922
20250820,7,311,oyster64,Temperature,13456.189540763711
20250820,7,311,oyster65,Temperature,6981.00593617155
20250820,7,311,oyster67,Temperature,10016.859137309175
20250820,7,311,oyster68,Temperature,8143.472321467877
20250820,7,311,oyster69,Temperature,6635.979280284321
20250820,20,312,oyster1,Salinity,19963.946611722735
20250820,20,312,oyster2,Salinity,14904.509428308756
20250820,20,312,oyster3,Salinity,14689.364065446527
20250820,20,312,oyster4,Salinity,20843.732895972233
20250820,20,312,oyster5,Salinity,14947.543723939223
20250820,20,312,oyster6,Salinity,21742.52658796381
20250820,20,312,oyster7,Salinity,15670.85696517384
20250820,20,312,oyster8,Salinity,11623.539979936326
20250820,20,312,oyster9,Salinity,7100.681937395361
20250820,20,312,oyster10,Salinity,5576.353963838405
20250820,20,312,oyster11,Salinity,8934.463978548312
20250820,20,312,oyster12,Salinity,20885.48075195231
20250820,20,312,oyster13,Salinity,12613.742065734696
20250820,20,312,oyster14,Salinity,20344.773252898245
20250820,20,312,oyster15,Salinity,30088.131584741015
20250820,20,312,oyster16,Salinity,25103.46988540282
20250820,20,312,oyster17,Salinity,16292.902402604162
20250820,20,312,oyster18,Salinity,29170.849972412878
20250820,20,312,oyster19,Salinity,19453.494139957198
20250820,20,312,oyster20,Salinity,21353.182831586804
20250820,20,312,oyster21,Salinity,21923.150933413795
20250820,20,312,oyster22,Salinity,27763.381797323556
20250820,20,312,oyster23,Salinity,15015.534888619599
20250820,20,312,oyster24,Salinity,11132.127974814137
20250820,20,312,oyster25,Salinity,16928.185188280033
20250820,20,312,oyster26,Salinity,13257.62677430139
20250820,20,312,oyster27,Salinity,11532.695737546243
20250820,20,312,oyster28,Salinity,23973.1891209835
20250820,20,312,oyster29,Salinity,14116.467796424666
20250820,20,312,oyster30,Salinity,25282.69015290522
20250820,20,312,oyster31,Salinity,22089.099339956163
20250820,20,312,oyster32,Salinity,16705.043748418688
20250820,20,312,oyster33,Salinity,22774.191725748293
20250820,20,312,oyster34,Salinity,18496.3367365375
20250820,20,312,oyster35,Salinity,37958.581775516825
20250820,20,312,oyster36,Salinity,12073.7756531965
20250820,20,312,oyster37,Salinity,28989.86159422223
20250820,20,312,oyster38,Salinity,11339.670263531187
20250820,20,312,oyster39,Salinity,20952.810655710207
20250820,20,312,oyster40,Salinity,32704.938251508585
20250820,20,312,oyster41,Salinity,20386.599468918535
20250820,20,312,oyster42,Salinity,13053.386406068053
20250820,20,312,oyster43,Salinity,24192.52173749665
20250820,20,312,oyster44,Salinity,27285.72816714104
20250820,20,312,oyster45,Salinity,25052.802793240782
20250820,20,312,oyster46,Salinity,15280.90082699105
20250820,20,312,oyster47,Salinity,42173.21947595084
20250820,20,312,oyster48,Salinity,15471.474837573662
20250820,20,312,oyster49,Salinity,9779.304638604486
20250820,20,312,oyster50,Salinity,11718.595230417865
20250820,20,312,oyster51,Salinity,27269.894660770824
20250820,20,312,oyster52,Salinity,16472.809136993463
20250820,20,312,oyster53,Salinity,48349.05205538196
20250820,20,312,oyster54,Salinity,28190.511226940842
20250820,20,312,oyster56,Salinity,35659.73276440079
20250820,20,312,oyster57,Salinity,42768.17069888339
20250820,20,312,oyster58,Salinity,21973.067266187714
20250820,20,312,oyster59,Salinity,14703.743228958643
20250820,20,312,oyster60,Salinity,23253.96639254286
20250820,20,312,oyster61,Salinity,25337.12795152286
20250820,20,312,oyster62,Salinity,22602.953719470635
20250820,20,312,oyster63,Salinity,20960.22285337574
20250820,20,312,oyster64,Salinity,22207.28110020441
20250820,20,312,oyster65,Salinity,22938.549547087492
20250820,20,312,oyster66,Salinity,27629.4766145534
20250820,20,312,oyster67,Salinity,23496.214447636827
20250820,20,312,oyster68,Salinity,17853.890385506886
20250820,20,312,oyster69,Salinity,20274.28593265287
20250820,20,312,oyster70,Salinity,20069.012200122397
20250820,20,312,oyster71,Salinity,17795.775171581983
20250820,20,312,oyster72,Salinity,14312.883055065871
20250820,20,312,oyster73,Salinity,16413.905810879663
20250820,20,312,oyster74,Salinity,33066.42518885701
20250820,20,312,oyster75,Salinity,23063.043940481868
20250820,20,312,oyster76,Salinity,37755.27943884633
20250820,20,312,oyster77,Salinity,23678.724288658526
20250820,20,312,oyster78,Salinity,28008.890717058774
20250820,20,312,oyster79,Salinity,36863.252066027904
20250820,20,312,oyster80,Salinity,37101.605467334164
20250820,20,312,oyster81,Salinity,23071.06509528327
20250820,20,312,oyster82,Salinity,24079.642052777705
20250820,20,312,oyster83,Salinity,21843.944925423086
20250820,20,312,oyster84,Salinity,19307.039765906862
20250820,20,312,oyster85,Salinity,18824.282994215664
20250820,20,312,oyster86,Salinity,15755.242873523255
20250820,20,312,oyster87,Salinity,28087.664944125154
20250820,20,312,oyster88,Salinity,22652.342180198437
20250820,20,312,oyster89,Salinity,12157.950996028498
20250820,20,312,oyster90,Salinity,26786.363586242718
20250820,20,312,oyster91,Salinity,19492.786433564626
20250820,20,312,oyster92,Salinity,46268.79569616507
20250820,20,312,oyster93,Salinity,13809.658687816005
20250820,20,312,oyster94,Salinity,18673.001356518624
20250820,20,312,oyster95,Salinity,21180.33233648275
20250820,20,312,oyster96,Salinity,23288.768413224672
20250820,20,312,oyster97,Salinity,13705.473946799126
20250820,20,312,oyster98,Salinity,28316.69681135342
20250820,20,312,oyster99,Salinity,20822.03124898986
20250820,20,312,oyster100,Salinity,19295.481177396265
20250820,20,312,oyster101,Salinity,21481.41206745696
20250820,20,312,oyster102,Salinity,17589.184003327373
20250820,20,312,oyster103,Salinity,31084.471681608
20250820,20,312,oyster104,Salinity,32917.914262557766
20250820,20,312,oyster105,Salinity,25487.697044107335
20250820,20,312,oyster106,Salinity,13011.202911000433
20250820,20,312,oyster107,Salinity,30274.004142311693
20250820,20,312,oyster108,Salinity,27458.366422169616
20250820,20,312,oyster109,Salinity,28660.302836468258
20250820,20,312,oyster110,Salinity,17755.942447459904
20250820,20,312,oyster111,Salinity,26786.30751987461
20250820,20,312,oyster112,Salinity,17803.873101991743
20250820,20,312,oyster113,Salinity,22299.107972368318
20250820,28,313,oyster1,Control,7228.842618730751
20250820,28,313,oyster2,Control,15558.602089530548
20250820,28,313,oyster3,Control,17265.298607046207
20250820,28,313,oyster4,Control,13202.005865885976
20250820,28,313,oyster5,Control,11579.144286101598
20250820,28,313,oyster6,Control,10638.57769329975
20250820,28,313,oyster7,Control,12495.74253704498
20250820,28,313,oyster8,Control,9789.181363581934
20250820,28,313,oyster9,Control,18943.611410676025
20250820,28,313,oyster10,Control,3920.2276612389146
20250820,28,313,oyster11,Control,1264.35069108252
20250820,28,313,oyster12,Control,10184.195654263156
20250820,28,313,oyster13,Control,12006.555401526322
20250820,28,313,oyster14,Control,10811.645850477144
20250820,28,313,oyster15,Control,14724.650315345198
20250820,28,313,oyster16,Control,12195.038169003305
20250820,28,313,oyster17,Control,9077.707996024712
20250820,28,313,oyster18,Control,5235.740932919406
20250820,28,313,oyster19,Control,11547.332783863852
20250820,28,313,oyster20,Control,11707.59916432213
20250820,28,313,oyster21,Control,11531.08659429329
20250820,28,313,oyster22,Control,11628.161680366937
20250820,28,313,oyster23,Control,10437.635165049855
20250820,28,313,oyster24,Control,13641.250975307403
20250820,28,313,oyster25,Control,17296.19820520856
20250820,28,313,oyster26,Control,17105.441524738973
20250820,28,313,oyster27,Control,23090.20984728317
20250820,28,313,oyster28,Control,12030.356497732962
20250820,28,313,oyster29,Control,15920.17099081417
20250820,28,313,oyster30,Control,11626.22295580215
20250820,28,313,oyster31,Control,25484.802184865322
20250820,28,313,oyster32,Control,2698.7257150942087
20250820,28,313,oyster33,Control,20762.06060516228
20250820,28,313,oyster34,Control,15973.567813458782
20250820,28,313,oyster35,Control,13607.271250996848
20250820,28,313,oyster36,Control,26552.566053351788
20250820,28,313,oyster37,Control,24262.854814899565
20250820,28,313,oyster38,Control,21806.522006670737
20250820,28,313,oyster39,Control,14431.367887273578
20250820,28,313,oyster40,Control,16228.767176721793
20250820,28,313,oyster41,Control,17104.35137648815
20250820,28,313,oyster42,Control,18488.65271519965
20250820,28,313,oyster43,Control,11640.667610921608
20250820,28,313,oyster44,Control,12899.57877920203
20250820,28,313,oyster45,Control,11974.117985952695
20250820,28,313,oyster46,Control,14793.882891072348
20250820,28,313,oyster47,Control,16855.266306297188
20250820,28,313,oyster48,Control,9372.366195086948
20250820,28,313,oyster49,Control,21226.365051803252
20250820,28,313,oyster50,Control,14670.450915964353
20250820,28,313,oyster51,Control,12400.335783080669
20250820,28,313,oyster52,Control,21032.52249352868
20250820,28,313,oyster53,Control,10921.56667306402
20250820,28,313,oyster54,Control,13642.039703835146
20250820,28,313,oyster55,Control,14596.751405276436
20250820,28,313,oyster56,Control,15472.224619675559
20250820,28,313,oyster57,Control,14161.891458356753
20250820,28,313,oyster58,Control,1726.0879829709902
20250820,28,313,oyster59,Control,25645.682965916334
20250820,28,313,oyster60,Control,14910.163268811088
20250820,28,313,oyster61,Control,19314.34595391906
20250820,28,313,oyster62,Control,23345.717857260915
20250820,28,313,oyster63,Control,22576.41126451782
20250820,28,313,oyster64,Control,16212.429658353427
20250820,28,313,oyster65,Control,12584.578044497293
20250820,28,313,oyster66,Control,19320.305199768427
20250820,28,313,oyster67,Control,16735.328474528724
20250820,28,313,oyster68,Control,27031.75947657562
20250820,28,313,oyster69,Control,21298.37087181473
20250820,28,313,oyster70,Control,13027.603032790887
20250820,28,313,oyster71,Control,22106.961486446588
20250820,28,313,oyster72,Control,14227.824678978066
20250820,28,313,oyster73,Control,21439.927756324123
20250820,28,313,oyster74,Control,16322.648713010989
20250820,28,313,oyster75,Control,29912.570019406896
20250820,28,313,oyster76,Control,10716.137442561672
20250820,28,313,oyster77,Control,8802.572647556744
20250820,28,313,oyster78,Control,14649.027619598797
20250820,28,313,oyster79,Control,23874.229684119215
20250820,28,313,oyster80,Control,22551.143911384646
20250820,28,313,oyster81,Control,16386.202481319004
20250820,28,313,oyster82,Control,23646.55275818476
20250820,28,313,oyster83,Control,13767.162982585647
20250820,28,313,oyster84,Control,9898.694345502792
20250820,28,313,oyster85,Control,21661.247906061824
20250820,28,313,oyster86,Control,15721.241199317847
20250820,28,313,oyster87,Control,14859.386315186553
20250820,28,313,oyster88,Control,30582.324560815105
20250820,28,313,oyster89,Control,21731.795323346123
20250820,28,313,oyster90,Control,23534.714776229477
20250820,28,313,oyster92,Control,16727.718697123786
20250820,28,313,oyster93,Control,21604.70371254923
20250820,28,313,oyster94,Control,22987.854382785612
20250820,28,313,oyster95,Control,15475.36117722657
20250820,28,313,oyster96,Control,17917.857636496476
20250820,28,313,oyster97,Control,27012.495790606365
20250820,28,313,oyster98,Control,15698.971974102446
20250820,24,314,oyster1,Salinity,8100.971515084182
20250820,24,314,oyster2,Salinity,3321.809898864322
20250820,24,314,oyster4,Salinity,9747.1802234879
20250820,24,314,oyster5,Salinity,13334.901037467023
20250820,24,314,oyster6,Salinity,1387.6942733428057
20250820,24,314,oyster7,Salinity,10039.721670260864
20250820,24,314,oyster8,Salinity,6097.002790575722
20250820,24,314,oyster9,Salinity,9824.549969712298
20250820,24,314,oyster10,Salinity,7736.961399487893
20250820,24,314,oyster11,Salinity,8182.805197975153
20250820,24,314,oyster12,Salinity,4108.622281734743
20250820,24,314,oyster13,Salinity,7284.297162856091
20250820,24,314,oyster14,Salinity,942.3864209033155
20250820,24,314,oyster15,Salinity,1172.367441711786
20250820,24,314,oyster16,Salinity,7031.69010762754
20250820,24,314,oyster17,Salinity,9695.67866963658
20250820,24,314,oyster18,Salinity,2987.5126298744367
20250820,24,314,oyster19,Salinity,11368.209916367596
20250820,24,314,oyster20,Salinity,16560.530012777286
20250820,24,314,oyster21,Salinity,14825.785686955369
20250820,24,314,oyster22,Salinity,4842.435906977756
20250820,24,314,oyster23,Salinity,8542.85529168636
20250820,24,314,oyster24,Salinity,9023.585192187917
20250820,24,314,oyster25,Salinity,23030.783650118294
20250820,24,314,oyster26,Salinity,9643.176923765028
20250820,24,314,oyster27,Salinity,2978.3518913539588
20250820,24,314,oyster28,Salinity,1077.0435197507209
20250820,24,314,oyster29,Salinity,3125.8941467930167
20250820,24,314,oyster30,Salinity,2488.818200856556
20250820,24,314,oyster31,Salinity,4164.9486179317855
20250820,24,314,oyster32,Salinity,2689.4739327288094
20250820,24,314,oyster33,Salinity,6606.639665773773
20250820,24,314,oyster34,Salinity,10398.51275773172
20250820,24,314,oyster35,Salinity,25450.107907956262
20250820,24,314,oyster36,Salinity,31254.907113476296
20250820,24,314,oyster37,Salinity,13685.712679045413
20250820,24,314,oyster38,Salinity,1133.7214480326245
20250820,24,314,oyster39,Salinity,15493.016711280294
20250820,24,314,oyster40,Salinity,35301.08647886828
20250820,24,314,oyster41,Salinity,23122.474633330057
20250820,24,314,oyster42,Salinity,7113.001030628156
20250820,24,314,oyster43,Salinity,39565.35959175408
20250820,24,314,oyster44,Salinity,22921.59987361601
20250820,24,314,oyster45,Salinity,12664.68079820619
20250820,24,314,oyster46,Salinity,22684.648503256827
20250820,24,314,oyster47,Salinity,20015.746269531777
20250820,24,314,oyster48,Salinity,24711.32217949123
20250820,24,314,oyster49,Salinity,37807.69907932201
20250820,24,314,oyster50,Salinity,23425.169636630602
20250820,24,314,oyster51,Salinity,40858.006461720535
20250820,24,314,oyster52,Salinity,20312.00405791073
20250820,24,314,oyster53,Salinity,26545.806025391663
20250820,24,314,oyster54,Salinity,12053.996000422068
20250820,24,314,oyster55,Salinity,9745.088327714988
20250820,24,314,oyster56,Salinity,26880.415746149527
20250820,24,314,oyster57,Salinity,31856.308986486743
20250820,24,314,oyster58,Salinity,41390.75115251107
20250820,24,314,oyster59,Salinity,10365.065964595466
20250820,24,314,oyster60,Salinity,3651.6194031287478
20250820,24,314,oyster61,Salinity,4967.691731522072
20250820,24,314,oyster62,Salinity,2992.1518195643125
20250820,24,314,oyster63,Salinity,16300.76187882912
20250820,24,314,oyster64,Salinity,36576.41634011473
20250820,24,314,oyster66,Salinity,16471.699145006325
20250820,24,314,oyster67,Salinity,36367.19583275386
20250820,24,314,oyster68,Salinity,11957.281236858222
20250820,24,314,oyster69,Salinity,34228.67170330373
20250820,24,314,oyster70,Salinity,34698.56276346175
20250820,24,314,oyster71,Salinity,17553.220900966273
20250820,24,314,oyster72,Salinity,17454.119012403942
20250820,24,314,oyster73,Salinity,38001.41636749699
20250820,24,314,oyster74,Salinity,7432.701228725162
20250820,24,314,oyster75,Salinity,14070.547914819064
20250820,24,314,oyster76,Salinity,10193.799571366384
20250820,24,314,oyster77,Salinity,38870.08231863232
20250820,24,314,oyster78,Salinity,47774.18136849187
20250820,24,314,oyster79,Salinity,33848.05563061845
20250820,24,314,oyster80,Salinity,11362.347839434917
20250820,24,314,oyster82,Salinity,33807.14628294988
20250820,24,314,oyster83,Salinity,29057.201638319257
20250820,24,314,oyster84,Salinity,28423.666605607737
20250820,24,314,oyster85,Salinity,29116.333939899614
20250820,24,314,oyster86,Salinity,42529.03241033883
20250820,24,314,oyster87,Salinity,8608.369711156585
20250820,24,314,oyster88,Salinity,11039.261100986878
20250820,24,314,oyster89,Salinity,2626.557529381853
20250820,10,315,oyster1,Temperature,15211.24461268981
20250820,10,315,oyster2,Temperature,25434.491811962926
20250820,10,315,oyster3,Temperature,22364.397728622866
20250820,10,315,oyster4,Temperature,33756.168588381326
20250820,10,315,oyster5,Temperature,21862.513224284587
20250820,10,315,oyster6,Temperature,18136.11137800185
20250820,10,315,oyster7,Temperature,29767.509107827813
20250820,10,315,oyster8,Temperature,15477.602730886993
20250820,10,315,oyster9,Temperature,22004.031476072283
20250820,10,315,oyster11,Temperature,29362.361473991456
20250820,10,315,oyster12,Temperature,20705.582380340427
20250820,10,315,oyster13,Temperature,20763.139906310604
20250820,10,315,oyster14,Temperature,14269.952444387267
20250820,10,315,oyster15,Temperature,23068.70171101986
20250820,10,315,oyster16,Temperature,33090.3260252915
20250820,10,315,oyster17,Temperature,21927.610793192838
20250820,10,315,oyster18,Temperature,30205.815550801282
20250820,10,315,oyster19,Temperature,35004.784209547295
20250820,10,315,oyster20,Temperature,11822.530703404802
20250820,10,315,oyster21,Temperature,37410.49672242983
20250820,10,315,oyster22,Temperature,32268.338685236806
20250820,9,316,oyster1,Temperature,23810.416565784748
20250820,9,316,oyster2,Temperature,10515.845877559714
20250820,9,316,oyster3,Temperature,11399.610919363056
20250820,9,316,oyster4,Temperature,11914.827390551154
20250820,9,316,oyster5,Temperature,13548.991759839742
20250820,9,316,oyster6,Temperature,11451.260824025581
20250820,9,316,oyster7,Temperature,15412.961868143906
20250820,9,316,oyster8,Temperature,5573.49102479802
20250820,9,316,oyster9,Temperature,10303.037383353336
20250820,9,316,oyster10,Temperature,5626.643145980271
20250820,9,316,oyster11,Temperature,8166.943904238279
20250820,9,316,oyster12,Temperature,5586.054914298463
20250820,9,316,oyster13,Temperature,7272.393310460821
20250820,9,316,oyster14,Temperature,2929.5229428776584
20250820,9,316,oyster15,Temperature,4310.218697914764
20250820,9,316,oyster16,Temperature,12638.663132356172
20250820,9,316,oyster17,Temperature,6583.562877569371
20250820,9,316,oyster18,Temperature,25026.77662069776
20250820,9,316,oyster19,Temperature,4722.532804969865
20250820,9,316,oyster20,Temperature,6967.591120948502
20250820,9,316,oyster21,Temperature,26869.729972365916
20250820,9,316,oyster22,Temperature,17065.635756867265
20250820,9,316,oyster23,Temperature,11285.641400223521
20250820,9,316,oyster24,Temperature,43726.25535017982
20250820,9,316,oyster25,Temperature,9796.855315506604
20250820,9,316,oyster26,Temperature,18785.684231609528
20250820,9,316,oyster27,Temperature,5383.9745696549
20250820,9,316,oyster28,Temperature,14850.467742262843
20250820,9,316,oyster29,Temperature,13875.314368423364
20250820,9,316,oyster30,Temperature,8346.303223900377
20250820,9,316,oyster31,Temperature,19416.26610824759
20250820,9,316,oyster32,Temperature,24349.174398705338
20250820,9,316,oyster33,Temperature,7156.792308474872
20250820,9,316,oyster34,Temperature,8113.551592316569
20250820,9,316,oyster35,Temperature,23015.197214857577
20250820,9,316,oyster36,Temperature,8406.582885058553
20250820,9,316,oyster37,Temperature,18980.598553296393
20250820,9,316,oyster38,Temperature,14129.014569197867
20250820,9,316,oyster39,Temperature,7653.120224713703
20250820,9,316,oyster40,Temperature,15405.926787117909
20250820,9,316,oyster41,Temperature,8916.61828851488
20250820,9,316,oyster42,Temperature,4408.200706798995
20250820,9,316,oyster43,Temperature,16420.32738451709
20250820,9,316,oyster44,Temperature,32131.082179770274
20250820,9,316,oyster45,Temperature,21537.534054049298
20250820,9,316,oyster46,Temperature,31103.76061699484
20250820,9,316,oyster47,Temperature,36511.65595479733
20250820,9,316,oyster48,Temperature,29228.128827327222
20250820,9,316,oyster49,Temperature,16382.027880868618
20250820,9,316,oyster50,Temperature,27083.51353187254
20250820,9,316,oyster51,Temperature,7651.967447942149
20250820,9,316,oyster52,Temperature,27829.645468891067
20250820,9,316,oyster53,Temperature,20432.977476105134
20250820,9,316,oyster54,Temperature,1974.806560931898
20250820,9,316,oyster55,Temperature,16728.878894013957
20250820,9,316,oyster56,Temperature,11183.061891186902
20250820,9,316,oyster57,Temperature,20371.817987761053
20250820,9,316,oyster58,Temperature,5047.816082400374
20250820,9,316,oyster59,Temperature,29948.908611549876
20250820,9,316,oyster60,Temperature,11188.915162829031
20250820,9,316,oyster61,Temperature,25413.174490741545
20250820,9,316,oyster62,Temperature,15563.049263220515
20250820,9,316,oyster63,Temperature,15434.240858990457
20250820,9,316,oyster64,Temperature,31151.45552932845
20250820,9,316,oyster65,Temperature,4962.354692363222
20250820,9,316,oyster66,Temperature,18776.06495574552
20250820,9,316,oyster67,Temperature,13262.32584865962
20250820,9,316,oyster68,Temperature,19845.70511989511
20250820,9,316,oyster69,Temperature,3817.8703323277705
20250820,9,316,oyster70,Temperature,7796.667237127968
20250820,9,316,oyster71,Temperature,22152.529545364425
20250820,9,316,oyster72,Temperature,14382.350125435218
20250820,9,316,oyster73,Temperature,39716.7845233954
20250820,9,316,oyster74,Temperature,9117.070773881254
20250820,9,316,oyster75,Temperature,15086.21095978769
20250820,9,316,oyster76,Temperature,11260.883321161271
20250820,9,316,oyster77,Temperature,3553.1864052790797
20250820,9,316,oyster78,Temperature,5406.988696797756
20250820,9,316,oyster79,Temperature,13707.34692147343
20250820,9,316,oyster80,Temperature,21997.594372678035
20250820,9,316,oyster81,Temperature,27949.177314128745
20250820,9,316,oyster82,Temperature,36213.70812541938
20250820,9,316,oyster83,Temperature,34537.65844226644
20250820,9,316,oyster84,Temperature,27938.016984650752
20250820,9,316,oyster85,Temperature,14589.015388266413
20250820,9,316,oyster86,Temperature,9707.665722086209
20250820,9,316,oyster87,Temperature,12052.309563367504
20250820,9,316,oyster88,Temperature,28544.358396403277
20250820,9,316,oyster89,Temperature,18911.576620725875
20250820,9,316,oyster90,Temperature,7821.010262079323
20250820,9,316,oyster91,Temperature,35990.95812214329
20250820,9,316,oyster92,Temperature,27445.925109327614
20250820,9,316,oyster93,Temperature,12774.829043485173
20250820,9,316,oyster94,Temperature,28129.267952492646
20250820,9,316,oyster95,Temperature,24710.784971756122
20250820,9,316,oyster96,Temperature,35357.52648323866
20250820,9,316,oyster97,Temperature,20151.80391218079
20250820,9,316,oyster98,Temperature,13573.70053012345
20250820,9,316,oyster99,Temperature,13753.25743127408
20250820,9,316,oyster100,Temperature,11737.528239465668
20250820,9,316,oyster101,Temperature,8110.725670104053
20250820,6,318,oyster1,Temperature+Salinity,34664.2100105705
20250820,6,318,oyster2,Temperature+Salinity,16971.15283971388
20250820,6,318,oyster3,Temperature+Salinity,17924.739011364145
20250820,6,318,oyster4,Temperature+Salinity,20201.216773933193
20250820,6,318,oyster5,Temperature+Salinity,27243.361998864882
20250820,6,318,oyster6,Temperature+Salinity,11341.082689714996
20250820,6,318,oyster7,Temperature+Salinity,7356.80585736281
20250820,6,318,oyster8,Temperature+Salinity,9575.459107491057
20250820,6,318,oyster9,Temperature+Salinity,15546.240091513519
20250820,6,318,oyster10,Temperature+Salinity,21330.04282487765
20250820,6,318,oyster11,Temperature+Salinity,21391.705663289977
20250820,6,318,oyster12,Temperature+Salinity,21269.52936661326
20250820,6,318,oyster13,Temperature+Salinity,11999.529251594186
20250820,6,318,oyster14,Temperature+Salinity,13542.970088700105
20250820,6,318,oyster15,Temperature+Salinity,8142.493607147527
20250820,6,318,oyster16,Temperature+Salinity,4770.480821652598
20250820,6,318,oyster17,Temperature+Salinity,19690.168921447606
20250820,6,318,oyster18,Temperature+Salinity,5116.156704991008
20250820,6,318,oyster19,Temperature+Salinity,25204.2947422816
20250820,6,318,oyster20,Temperature+Salinity,12801.250216998762
20250820,6,318,oyster21,Temperature+Salinity,21330.83050531394
20250820,6,318,oyster22,Temperature+Salinity,8304.204877520167
20250820,6,318,oyster23,Temperature+Salinity,12665.439156052602
20250820,6,318,oyster24,Temperature+Salinity,2201.9815228937914
20250820,6,318,oyster25,Temperature+Salinity,17826.2189232298
20250820,6,318,oyster26,Temperature+Salinity,6135.920984192807
20250820,6,318,oyster27,Temperature+Salinity,11051.818679873204
20250820,6,318,oyster28,Temperature+Salinity,16976.569196268058
20250820,6,318,oyster29,Temperature+Salinity,24627.08005709529
20250820,6,318,oyster30,Temperature+Salinity,23866.397498109098
20250820,6,318,oyster31,Temperature+Salinity,19611.367061785968
20250820,6,318,oyster32,Temperature+Salinity,16670.86534872791
20250820,6,318,oyster33,Temperature+Salinity,2622.4697100430503
20250820,6,318,oyster34,Temperature+Salinity,26908.81325529062
20250820,6,318,oyster35,Temperature+Salinity,27267.2422584018
20250820,6,318,oyster36,Temperature+Salinity,17520.652998226295
20250820,6,318,oyster37,Temperature+Salinity,14681.716023778601
20250820,6,318,oyster38,Temperature+Salinity,15850.2182655068
20250820,6,318,oyster39,Temperature+Salinity,16303.769842834716
20250820,6,318,oyster40,Temperature+Salinity,14210.891915810289
20250820,6,318,oyster41,Temperature+Salinity,24524.62416438303
20250820,6,318,oyster42,Temperature+Salinity,22411.153879663132
20250820,6,318,oyster43,Temperature+Salinity,16333.307493053366
20250820,6,318,oyster44,Temperature+Salinity,25359.8987368696
20250820,6,318,oyster45,Temperature+Salinity,31800.43223247165
20250820,6,318,oyster46,Temperature+Salinity,26818.66242885576
20250820,6,318,oyster47,Temperature+Salinity,25157.35979975799
20250820,6,318,oyster48,Temperature+Salinity,17378.490723923507
20250820,6,318,oyster49,Temperature+Salinity,13168.186879330833
20250820,6,318,oyster50,Temperature+Salinity,16041.560370564046
20250820,6,318,oyster51,Temperature+Salinity,16718.886565453984
20250820,6,318,oyster52,Temperature+Salinity,16160.002253569644
20250820,6,318,oyster53,Temperature+Salinity,26612.287158539868
20250820,6,318,oyster54,Temperature+Salinity,21997.506386013833
20250820,6,318,oyster55,Temperature+Salinity,23279.744316402393
20250820,6,318,oyster56,Temperature+Salinity,30525.611730767487
20250820,6,318,oyster57,Temperature+Salinity,22810.55699984687
20250820,6,318,oyster58,Temperature+Salinity,36408.12996447253
20250820,6,318,oyster59,Temperature+Salinity,21000.178468376922
20250820,6,318,oyster60,Temperature+Salinity,24053.411723579553
20250820,6,318,oyster61,Temperature+Salinity,28649.423364415026
20250820,6,318,oyster62,Temperature+Salinity,25611.919301799546
20250820,6,318,oyster63,Temperature+Salinity,22157.15705303938
20250820,6,318,oyster64,Temperature+Salinity,33503.31218887226
20250820,6,318,oyster65,Temperature+Salinity,30555.87126304825
20250820,6,318,oyster66,Temperature+Salinity,31420.841470971034
20250820,6,318,oyster67,Temperature+Salinity,25890.779131045478
20250820,6,318,oyster68,Temperature+Salinity,23602.93004017614
20250820,6,318,oyster69,Temperature+Salinity,22828.357480274146
20250820,6,318,oyster70,Temperature+Salinity,30602.720638487033
20250820,6,318,oyster71,Temperature+Salinity,35199.880551627924
20250820,6,318,oyster72,Temperature+Salinity,34047.59099725189
20250820,6,318,oyster73,Temperature+Salinity,29656.583372577737
20250820,6,318,oyster74,Temperature+Salinity,17195.22770286216
20250820,6,318,oyster75,Temperature+Salinity,26819.79599508989
20250820,6,318,oyster76,Temperature+Salinity,25813.931909401213
20250820,6,318,oyster77,Temperature+Salinity,13603.508931559201
20250820,6,318,oyster78,Temperature+Salinity,12377.933062493488
20250820,6,318,oyster79,Temperature+Salinity,15008.513818758585
20250820,6,318,oyster80,Temperature+Salinity,11296.315082092575
20250820,6,318,oyster81,Temperature+Salinity,23123.51848828986
20250820,6,318,oyster82,Temperature+Salinity,20651.14106212477
20250820,6,318,oyster83,Temperature+Salinity,17138.314069245163
20250820,6,318,oyster84,Temperature+Salinity,18922.97586048916
20250820,6,318,oyster85,Temperature+Salinity,26267.324432406574
20250820,6,318,oyster86,Temperature+Salinity,18462.90482126176
20250820,6,318,oyster87,Temperature+Salinity,31138.53466906402
20250820,6,318,oyster88,Temperature+Salinity,32162.70278152087
20250820,6,318,oyster89,Temperature+Salinity,18961.756082428958
20250820,6,318,oyster90,Temperature+Salinity,16401.154699932125
20250820,6,318,oyster91,Temperature+Salinity,26339.844929362745
20250820,6,318,oyster92,Temperature+Salinity,7383.692574000585
20250820,6,318,oyster93,Temperature+Salinity,28313.178822844227
20250820,6,318,oyster94,Temperature+Salinity,32874.344442518544
20250820,11,319,oyster1,Temperature,12527.096223625364
20250820,11,319,oyster2,Temperature,21395.27801960078
20250820,11,319,oyster3,Temperature,18130.893318386607
20250820,11,319,oyster4,Temperature,42870.97643780707
20250820,11,319,oyster5,Temperature,24755.409743439017
20250820,11,319,oyster6,Temperature,11835.29820980206
20250820,11,319,oyster7,Temperature,7247.474409608288
20250820,11,319,oyster8,Temperature,12682.385984039118
20250820,11,319,oyster9,Temperature,14257.658421188726
20250820,11,319,oyster10,Temperature,23023.63492039544
20250820,11,319,oyster11,Temperature,11044.85849669184
20250820,11,319,oyster12,Temperature,14795.388004929096
20250820,11,319,oyster13,Temperature,9057.238181748457
20250820,11,319,oyster14,Temperature,30690.21119626337
20250820,11,319,oyster15,Temperature,50336.987375557335
20250820,11,319,oyster16,Temperature,17524.72601467662
20250820,11,319,oyster17,Temperature,8482.76314171472
20250820,11,319,oyster19,Temperature,30464.46396630964
20250820,11,319,oyster20,Temperature,30321.56361431447
20250820,11,319,oyster21,Temperature,11638.677753921756
20250820,11,319,oyster22,Temperature,39292.71729553078
20250820,11,319,oyster23,Temperature,47474.232106940515
20250820,11,319,oyster24,Temperature,9720.888265191248
20250820,11,319,oyster25,Temperature,10538.21047274614
20250820,11,319,oyster26,Temperature,8944.903052870892
20250820,11,319,oyster27,Temperature,46595.95602448588
20250820,11,319,oyster28,Temperature,8607.677554913056
20250820,11,319,oyster29,Temperature,38095.58279022422
20250820,11,319,oyster30,Temperature,16079.651411515075
20250820,11,319,oyster31,Temperature,16613.4973573966
20250820,11,319,oyster32,Temperature,29339.133598106753
20250820,11,319,oyster33,Temperature,13400.845887001566
20250820,11,319,oyster34,Temperature,10537.848322890895
20250820,11,319,oyster35,Temperature,33375.214991724744
20250820,11,319,oyster36,Temperature,26817.499872610446
20250820,11,319,oyster37,Temperature,48504.72996836334
20250820,11,319,oyster38,Temperature,43610.80877526265
20250820,11,319,oyster39,Temperature,41218.49189236304
20250820,11,319,oyster40,Temperature,40771.86198517572
20250820,11,319,oyster41,Temperature,17378.508863574352
20250820,11,319,oyster42,Temperature,10585.181487158108
20250820,11,319,oyster43,Temperature,25872.50461530977
20250820,11,319,oyster44,Temperature,16019.100474432458
20250820,11,319,oyster45,Temperature,23029.512376750376
20250820,11,319,oyster46,Temperature,8347.001085099395
20250820,11,319,oyster47,Temperature,36527.42671783731
20250820,11,319,oyster48,Temperature,24969.551131786073
20250820,29,320,oyster1,Control,14208.375836890511
20250820,29,320,oyster2,Control,12850.453488058016
20250820,29,320,oyster3,Control,19847.383445255906
20250820,29,320,oyster4,Control,18223.930227180314
20250820,29,320,oyster5,Control,20213.918495296493
20250820,29,320,oyster6,Control,1933.6438042474588
20250820,29,320,oyster7,Control,12990.016038911577
20250820,29,320,oyster8,Control,16626.775258311038
20250820,29,320,oyster10,Control,20714.58869524985
20250820,29,320,oyster11,Control,3619.7133498888074
20250820,29,320,oyster12,Control,14955.02007757123
20250820,29,320,oyster13,Control,23115.978880558923
20250820,29,320,oyster14,Control,15797.914368487465
20250820,29,320,oyster15,Control,20435.665528059213
20250820,29,320,oyster16,Control,9882.953089658904
20250820,29,320,oyster17,Control,21772.128022119974
20250820,29,320,oyster18,Control,19431.953094612734
20250820,29,320,oyster19,Control,18426.87580873548
20250820,29,320,oyster20,Control,11504.007459992867
20250820,29,320,oyster21,Control,9815.44762859784
20250820,29,320,oyster22,Control,11875.967248542773
20250820,29,320,oyster23,Control,28636.224563091637
20250820,29,320,oyster24,Control,19195.25755613922
20250820,29,320,oyster25,Control,8472.502528200086
20250820,29,320,oyster26,Control,18673.924204042683
20250820,29,320,oyster27,Control,21985.84144217404
20250820,29,320,oyster28,Control,3228.8543171202514
20250820,29,320,oyster29,Control,14251.757556005025
20250820,29,320,oyster30,Control,24081.592721457127
20250820,29,320,oyster31,Control,22192.90164692533
20250820,29,320,oyster32,Control,7923.371920297728
20250820,29,320,oyster33,Control,21984.409689739754
20250820,29,320,oyster34,Control,21852.56275855782
20250820,29,320,oyster35,Control,11334.228199450912
20250820,29,320,oyster36,Control,46739.420086477905
20250820,29,320,oyster37,Control,18674.731372093294
20250820,29,320,oyster38,Control,13392.526182168633
20250820,29,320,oyster39,Control,16543.162699894412
20250820,29,320,oyster40,Control,28995.565534515816
20250820,29,320,oyster41,Control,36902.25213605925
20250820,29,320,oyster42,Control,25028.838595408673
20250820,29,320,oyster43,Control,8142.835223235343
20250820,29,320,oyster44,Control,15126.805479220218
20250820,29,320,oyster45,Control,11662.723645755324
20250820,29,320,oyster46,Control,14862.983117320018
20250820,29,320,oyster47,Control,27458.219202544875
20250820,29,320,oyster48,Control,3037.7971361041905
20250820,29,320,oyster49,Control,22881.822955230193
20250820,29,320,oyster50,Control,34508.48555757679
20250820,29,320,oyster51,Control,8167.0096622867
20250820,29,320,oyster52,Control,22661.697912189517
20250820,29,320,oyster53,Control,13160.482075910168
20250820,29,320,oyster54,Control,18043.195088457625
20250820,29,320,oyster55,Control,16654.71678626397
20250820,29,320,oyster56,Control,25903.67604220094
20250820,29,320,oyster57,Control,17118.788198829818
20250820,29,320,oyster58,Control,48175.20277632071
20250820,29,320,oyster59,Control,14148.021752345836
20250820,29,320,oyster60,Control,16533.85385552819
20250820,29,320,oyster61,Control,15597.540920541407
20250820,29,320,oyster62,Control,6540.668605207082
20250820,29,320,oyster63,Control,28935.873562353845
20250820,29,320,oyster64,Control,23865.164805897915
20250820,29,320,oyster65,Control,17985.918815884066
20250820,29,320,oyster66,Control,16152.23168500579
20250820,29,320,oyster67,Control,19677.14343980066
20250820,29,320,oyster68,Control,26452.411993183377
20250820,29,320,oyster69,Control,20276.507703746378
20250820,29,320,oyster70,Control,16385.101539819287
20250820,29,320,oyster71,Control,16942.4238244206
20250820,29,320,oyster72,Control,19149.47935888089
20250820,29,320,oyster73,Control,26108.681463065655
20250820,29,320,oyster74,Control,25456.626896968155
20250820,29,320,oyster75,Control,22276.96872851821
20250820,29,320,oyster76,Control,28058.576454814116
20250820,29,320,oyster77,Control,20364.443137635873
20250820,29,320,oyster78,Control,23596.268635102362
20250820,29,320,oyster79,Control,20271.062850516293
20250820,29,320,oyster80,Control,14407.086357599635
20250820,29,320,oyster81,Control,25177.226544298395
20250820,29,320,oyster82,Control,16813.89039750873
20250820,29,320,oyster83,Control,17420.965158130497
20250820,29,320,oyster84,Control,35878.08586014675
20250820,29,320,oyster85,Control,16531.606340992133
20250820,29,320,oyster86,Control,14945.312365590078
20250820,2,328,oyster1,Temperature+Salinity,12264.959344646022
20250820,2,328,oyster2,Temperature+Salinity,12714.907506201916
20250820,2,328,oyster3,Temperature+Salinity,10706.414939011574
20250820,2,328,oyster4,Temperature+Salinity,11585.384904823894
20250820,2,328,oyster5,Temperature+Salinity,5591.397686364111
20250820,2,328,oyster6,Temperature+Salinity,11535.397822749761
20250820,2,328,oyster7,Temperature+Salinity,7706.264518352953
20250820,2,328,oyster8,Temperature+Salinity,14449.839495564887
20250820,2,328,oyster9,Temperature+Salinity,12615.361061138909
20250820,2,328,oyster10,Temperature+Salinity,12800.98587624944
20250820,2,328,oyster11,Temperature+Salinity,16145.132480045866
20250820,2,328,oyster12,Temperature+Salinity,21470.346919965563
20250820,2,328,oyster13,Temperature+Salinity,8062.938309938848
20250820,2,328,oyster14,Temperature+Salinity,14400.814284066151
20250820,2,328,oyster15,Temperature+Salinity,12296.568307359372
20250820,2,328,oyster16,Temperature+Salinity,6045.747675698656
20250820,2,328,oyster17,Temperature+Salinity,5592.087033510228
20250820,2,328,oyster18,Temperature+Salinity,21390.701094630756
20250820,2,328,oyster19,Temperature+Salinity,11135.3780190131
20250820,2,328,oyster20,Temperature+Salinity,17038.590047787642
20250820,2,328,oyster21,Temperature+Salinity,11722.515613045252
20250820,2,328,oyster22,Temperature+Salinity,9745.161425716095
20250820,2,328,oyster23,Temperature+Salinity,5037.906406597815
20250820,2,328,oyster24,Temperature+Salinity,18675.63460618055
20250820,2,328,oyster25,Temperature+Salinity,10781.446328051366
20250820,2,328,oyster26,Temperature+Salinity,7906.63119929668
20250820,2,328,oyster27,Temperature+Salinity,14747.927722626095
20250820,2,328,oyster28,Temperature+Salinity,19387.425179998765
20250820,2,328,oyster29,Temperature+Salinity,5332.197615085281
20250820,2,328,oyster30,Temperature+Salinity,13662.53626749329
20250820,2,328,oyster31,Temperature+Salinity,13115.996171652934
20250820,2,328,oyster32,Temperature+Salinity,15118.551450977491
20250820,2,328,oyster33,Temperature+Salinity,23259.438936303915
20250820,2,328,oyster34,Temperature+Salinity,15630.863931060541
20250820,2,328,oyster35,Temperature+Salinity,9956.33567222136
20250820,2,328,oyster36,Temperature+Salinity,21716.73887366372
20250820,2,328,oyster37,Temperature+Salinity,15205.489822730406
20250820,2,328,oyster38,Temperature+Salinity,13603.629515592296
20250820,2,328,oyster40,Temperature+Salinity,7703.12552715783
20250820,2,328,oyster41,Temperature+Salinity,19338.73813613567
20250820,2,328,oyster42,Temperature+Salinity,23784.905779170902
20250820,2,328,oyster43,Temperature+Salinity,20102.190759257475
20250820,2,328,oyster44,Temperature+Salinity,15658.624806756152
20250820,2,328,oyster45,Temperature+Salinity,12639.98345393157
20250820,2,328,oyster46,Temperature+Salinity,16970.393008725438
20250820,2,328,oyster47,Temperature+Salinity,17273.935506837923
20250820,2,328,oyster48,Temperature+Salinity,16611.99491796926
20250820,2,328,oyster49,Temperature+Salinity,14316.664506104926
20250820,2,328,oyster50,Temperature+Salinity,10654.231068535351
20250820,2,328,oyster51,Temperature+Salinity,7171.115113320707
20250820,2,328,oyster52,Temperature+Salinity,14624.918602278682
20250820,2,328,oyster53,Temperature+Salinity,15294.471169031485
20250820,2,328,oyster54,Temperature+Salinity,14190.765489372025
20250820,2,328,oyster55,Temperature+Salinity,22329.21808952514
20250820,2,328,oyster56,Temperature+Salinity,24030.73306123961
20250820,2,328,oyster57,Temperature+Salinity,23897.966294274804
20250820,2,328,oyster58,Temperature+Salinity,21774.29278323766
20250820,2,328,oyster59,Temperature+Salinity,13649.546536640226
20250820,2,328,oyster60,Temperature+Salinity,12718.53544843019
20250820,2,328,oyster61,Temperature+Salinity,25401.10921991079
20250820,2,328,oyster62,Temperature+Salinity,19834.167192043315
20250820,2,328,oyster63,Temperature+Salinity,8117.556379829041
20250820,2,328,oyster64,Temperature+Salinity,1878.6331375195678
20250820,2,328,oyster65,Temperature+Salinity,9983.528226845627
20250820,2,328,oyster66,Temperature+Salinity,16245.75018781908
20250820,2,328,oyster67,Temperature+Salinity,20888.641868111758
20250820,2,328,oyster68,Temperature+Salinity,10611.265704593003
20250820,2,328,oyster69,Temperature+Salinity,23836.2089437817
20250820,2,328,oyster70,Temperature+Salinity,27789.356835389488
20250820,2,328,oyster71,Temperature+Salinity,11775.978306272988
20250820,2,328,oyster72,Temperature+Salinity,23568.396192685337
20250820,2,328,oyster73,Temperature+Salinity,14140.179109899107
20250820,2,328,oyster74,Temperature+Salinity,16796.78219692562
20250820,2,328,oyster75,Temperature+Salinity,30853.844070017854
20250820,2,328,oyster76,Temperature+Salinity,14591.073994330209
20250820,2,328,oyster77,Temperature+Salinity,16924.70167083189
20250820,2,328,oyster78,Temperature+Salinity,16957.83916861648
20250820,2,328,oyster79,Temperature+Salinity,10714.816576661306
20250820,2,328,oyster80,Temperature+Salinity,19970.14373522244
20250820,2,328,oyster81,Temperature+Salinity,6098.900048858224
20250820,2,328,oyster82,Temperature+Salinity,22042.11785061492
20250820,2,328,oyster83,Temperature+Salinity,21366.071336563706
20250820,2,328,oyster84,Temperature+Salinity,20606.54435668931
20250820,2,328,oyster85,Temperature+Salinity,19898.371161292813
20250820,2,328,oyster86,Temperature+Salinity,9932.605851438333
20250820,2,328,oyster87,Temperature+Salinity,17338.16491033962
20250820,2,328,oyster88,Temperature+Salinity,14679.068082609452
20250820,26,329,oyster1,Control,13461.320588452643
20250820,26,329,oyster2,Control,18891.38772407965
20250820,26,329,oyster3,Control,29209.45902265464
20250820,26,329,oyster4,Control,12030.171069281985
20250820,26,329,oyster5,Control,15121.873637950754
20250820,26,329,oyster6,Control,18595.88641452575
20250820,26,329,oyster7,Control,12669.081755734302
20250820,26,329,oyster8,Control,19784.588968970627
20250820,26,329,oyster9,Control,12950.510925130788
20250820,26,329,oyster10,Control,17889.429603850273
20250820,26,329,oyster11,Control,7726.451771662492
20250820,26,329,oyster12,Control,2047.2892075872753
20250820,26,329,oyster13,Control,19069.78513585031
20250820,26,329,oyster14,Control,11075.650905321816
20250820,26,329,oyster15,Control,6177.069428961389
20250820,26,329,oyster16,Control,23600.292970675247
20250820,26,329,oyster17,Control,15463.483157963241
20250820,26,329,oyster18,Control,19965.000878322502
20250820,26,329,oyster19,Control,11060.458040807262
20250820,26,329,oyster20,Control,24612.261349716548
20250820,26,329,oyster21,Control,16711.32400226566
20250820,26,329,oyster22,Control,10494.045054140666
20250820,26,329,oyster23,Control,15536.806677388811
20250820,26,329,oyster24,Control,15896.069031843106
20250820,26,329,oyster25,Control,4141.699327637868
20250820,26,329,oyster26,Control,25132.882965352095
20250820,26,329,oyster27,Control,12967.347780273152
20250820,26,329,oyster28,Control,1992.047477060124
20250820,26,329,oyster29,Control,6556.469724493707
20250820,26,329,oyster30,Control,13324.137665507358
20250820,26,329,oyster31,Control,11465.157995634334
20250820,26,329,oyster32,Control,10979.540598913669
20250820,26,329,oyster33,Control,16708.501423339454
20250820,26,329,oyster34,Control,16759.162947505694
20250820,26,329,oyster35,Control,15061.07100054713
20250820,26,329,oyster36,Control,20617.836276321577
20250820,26,329,oyster37,Control,11869.36336157981
20250820,26,329,oyster38,Control,24840.375772637286
20250820,26,329,oyster39,Control,15080.317260336456
20250820,26,329,oyster40,Control,13048.599338573445
20250820,26,329,oyster41,Control,21552.254039451695
20250820,26,329,oyster42,Control,6061.626465048641
20250820,26,329,oyster43,Control,7050.644200958955
20250820,26,329,oyster44,Control,19953.102029255377
20250820,26,329,oyster45,Control,29432.336919159072
20250820,26,329,oyster46,Control,6868.871683503634
20250820,26,329,oyster47,Control,10618.957267135509
20250820,26,329,oyster48,Control,17007.298437223337
20250820,26,329,oyster49,Control,16612.484060324925
20250820,26,329,oyster50,Control,22607.6053441149
20250820,26,329,oyster51,Control,23357.83021560719
20250820,26,329,oyster52,Control,12441.746118761945
20250820,26,329,oyster53,Control,19975.625536866995
20250820,26,329,oyster54,Control,25016.724122108415
20250820,26,329,oyster55,Control,19099.81353844829
20250820,26,329,oyster56,Control,19782.32842696617
20250820,26,329,oyster57,Control,13447.74060310525
20250820,26,329,oyster58,Control,14397.072558907143
20250820,26,329,oyster59,Control,31843.79354598601
20250820,26,329,oyster60,Control,13750.35240009642
20250820,26,329,oyster61,Control,22345.473260763883
20250820,26,329,oyster62,Control,30557.522201702977
20250820,26,329,oyster63,Control,22961.016639425397
20250820,26,329,oyster64,Control,17800.132396562403
20250820,26,329,oyster65,Control,30300.561797966562
20250820,26,329,oyster66,Control,11406.441263355948
20250820,26,329,oyster67,Control,21203.18684819614
20250820,26,329,oyster68,Control,18362.979934760988
20250820,26,329,oyster69,Control,10177.305047326297
20250820,26,329,oyster70,Control,9836.025179115195
20250820,26,329,oyster71,Control,10776.090248533688
20250820,26,329,oyster72,Control,12001.623050263366
20250820,26,329,oyster73,Control,14170.523393863932
20250820,26,329,oyster74,Control,24542.903839271024
20250820,26,329,oyster75,Control,3193.8198099696524
20250820,26,329,oyster76,Control,16785.35713789579
20250820,26,329,oyster77,Control,6819.463433309649
20250820,26,329,oyster78,Control,20239.1211873185
20250820,26,329,oyster79,Control,28680.74861145483
20250820,26,329,oyster80,Control,24455.75823478421
20250820,26,329,oyster81,Control,21516.70640574564
20250820,26,329,oyster82,Control,26094.313781116616
20250820,26,329,oyster83,Control,11622.040897507835
20250820,26,329,oyster84,Control,34245.277891549886
20250820,26,329,oyster85,Control,24537.962414943326
20250820,26,329,oyster86,Control,18077.354900087303
20250820,26,329,oyster87,Control,14401.429717064308
20250820,26,329,oyster88,Control,15312.171785668736
20250820,26,329,oyster89,Control,26480.36924109471
20250820,26,329,oyster90,Control,18898.371767942845
20250820,26,329,oyster91,Control,19902.345529402304
20250820,26,329,oyster92,Control,17701.61002578432
20250820,26,329,oyster93,Control,8101.679947710024
20250820,26,329,oyster94,Control,13778.552059229869
20250820,26,329,oyster95,Control,26102.570202262585
20250820,26,329,oyster96,Control,20966.326020706787
20250820,26,329,oyster97,Control,24687.47077987381
20250820,26,329,oyster98,Control,29874.569122284418
20250820,26,329,oyster99,Control,19436.684880242054
20250820,26,329,oyster100,Control,20634.00997503268
20250820,26,329,oyster101,Control,27463.80855199398
20250820,26,329,oyster102,Control,29394.5564282805
20250820,30,330,oyster1,Control,26987.92780276403
20250820,30,330,oyster2,Control,29803.13374278972
20250820,30,330,oyster3,Control,24138.48010028937
20250820,30,330,oyster4,Control,19497.96581297031
20250820,30,330,oyster5,Control,32563.09059177428
20250820,30,330,oyster6,Control,26881.034642268656
20250820,30,330,oyster7,Control,26722.145493999826
20250820,30,330,oyster8,Control,32791.59215124429
20250820,30,330,oyster9,Control,27304.217951183553
20250820,30,330,oyster10,Control,18296.44492721166
20250820,30,330,oyster11,Control,25659.03584270438
20250820,30,330,oyster12,Control,16557.12274468668
20250820,30,330,oyster13,Control,25365.699658113175
20250820,30,330,oyster14,Control,18860.0623100292
20250820,30,330,oyster15,Control,34482.09243486995
20250820,30,330,oyster16,Control,32556.883164341732
20250820,30,330,oyster17,Control,29349.444382181333
20250820,30,330,oyster18,Control,37444.168508443676
20250820,1,400,oyster1,Temperature+Salinity,17244.448296970957
20250820,1,400,oyster2,Temperature+Salinity,30990.706830761686
20250820,1,400,oyster3,Temperature+Salinity,21430.973639063708
20250820,1,400,oyster4,Temperature+Salinity,16420.96652311476
20250820,1,400,oyster5,Temperature+Salinity,13320.636354175545
20250820,1,400,oyster6,Temperature+Salinity,22649.24640076085
20250820,1,400,oyster7,Temperature+Salinity,32349.838856136405
20250820,1,400,oyster8,Temperature+Salinity,31273.992658234827
20250820,1,400,oyster9,Temperature+Salinity,32274.633597442644
20250820,1,400,oyster10,Temperature+Salinity,11944.793050583645
20250820,1,400,oyster11,Temperature+Salinity,29479.93612090255
20250820,1,400,oyster12,Temperature+Salinity,21410.53989790715
20250820,1,400,oyster13,Temperature+Salinity,15093.838825843332
20250820,1,400,oyster14,Temperature+Salinity,18843.4708982938
20250820,1,400,oyster15,Temperature+Salinity,20104.081929423344
20250820,1,400,oyster16,Temperature+Salinity,13962.551618998641
20250820,1,400,oyster17,Temperature+Salinity,14310.431511645682
20250820,1,400,oyster18,Temperature+Salinity,24404.494951082845
20250820,1,400,oyster19,Temperature+Salinity,20165.53900498204
20250820,1,400,oyster20,Temperature+Salinity,25376.21687461629
20250820,1,400,oyster21,Temperature+Salinity,22619.7956979956
20250820,1,400,oyster22,Temperature+Salinity,16389.177720898275
20250820,1,400,oyster23,Temperature+Salinity,27625.650277826735
20250820,1,400,oyster24,Temperature+Salinity,21347.09556969878
20250820,1,400,oyster25,Temperature+Salinity,22641.120453639116
20250820,1,400,oyster26,Temperature+Salinity,29698.07834858432
20250820,1,400,oyster27,Temperature+Salinity,29921.800309257786
20250820,1,400,oyster28,Temperature+Salinity,11429.804941193379
20250820,1,400,oyster29,Temperature+Salinity,27588.050485025367
20250820,1,400,oyster30,Temperature+Salinity,13335.781892354584
20250820,1,400,oyster31,Temperature+Salinity,18128.060596630407
20250820,1,400,oyster32,Temperature+Salinity,16272.951298049551
20250820,1,400,oyster33,Temperature+Salinity,29505.624369246103
20250820,1,400,oyster34,Temperature+Salinity,20939.762973622972
20250820,1,400,oyster35,Temperature+Salinity,23944.55947697771
20250820,1,400,oyster36,Temperature+Salinity,24019.45029487726
20250820,1,400,oyster37,Temperature+Salinity,32402.125903085496
20250820,1,400,oyster38,Temperature+Salinity,25894.56196956476
20250820,1,400,oyster39,Temperature+Salinity,9343.430760070603
20250820,1,400,oyster40,Temperature+Salinity,10893.127372477764
20250820,1,400,oyster41,Temperature+Salinity,16544.552558293453
20250820,1,400,oyster42,Temperature+Salinity,19518.80588421487
20250820,1,400,oyster43,Temperature+Salinity,16969.417194896072
20250820,1,400,oyster44,Temperature+Salinity,23637.78866519133
20250820,1,400,oyster45,Temperature+Salinity,26639.22134538925
20250820,1,400,oyster46,Temperature+Salinity,13543.611224387976
20250820,1,400,oyster47,Temperature+Salinity,32850.943060898775
20250820,1,400,oyster48,Temperature+Salinity,26729.371698348918
20250820,1,400,oyster49,Temperature+Salinity,12822.590658162731
20250820,1,400,oyster50,Temperature+Salinity,18493.129616867624
20250820,1,400,oyster51,Temperature+Salinity,21387.783189742622
20250820,1,400,oyster52,Temperature+Salinity,36207.246360181365
20250820,1,400,oyster53,Temperature+Salinity,30644.04509173227
20250820,1,400,oyster54,Temperature+Salinity,19032.934000256602
20250820,1,400,oyster55,Temperature+Salinity,14714.542936540987
20250820,1,400,oyster56,Temperature+Salinity,23072.987103348707
20250820,1,400,oyster57,Temperature+Salinity,17381.250832831854
20250820,1,400,oyster58,Temperature+Salinity,14845.712558863128
20250820,1,400,oyster59,Temperature+Salinity,23050.356003311554
20250820,1,400,oyster60,Temperature+Salinity,32102.84737175233
20250820,1,400,oyster61,Temperature+Salinity,22023.355861756227
20250820,1,400,oyster62,Temperature+Salinity,7997.425549164754
20250820,1,400,oyster63,Temperature+Salinity,13114.071819436465
20250820,1,400,oyster64,Temperature+Salinity,14185.453792401511
20250820,1,400,oyster65,Temperature+Salinity,28203.38154385955
20250820,1,400,oyster66,Temperature+Salinity,10546.977413912788
20250820,1,400,oyster67,Temperature+Salinity,11767.217174121946
20250820,1,400,oyster68,Temperature+Salinity,26883.021011926663
20250820,1,400,oyster69,Temperature+Salinity,22522.525558304635
20250820,1,400,oyster70,Temperature+Salinity,20678.484767765836
20250820,1,400,oyster71,Temperature+Salinity,19169.146299683987
20250820,1,400,oyster72,Temperature+Salinity,25522.698401903624
20250820,1,400,oyster73,Temperature+Salinity,27712.61614349722
20250820,1,400,oyster74,Temperature+Salinity,21793.023061479587
20250820,1,400,oyster75,Temperature+Salinity,28144.636466148328
20250820,1,400,oyster76,Temperature+Salinity,23250.836945802606
20250820,1,400,oyster77,Temperature+Salinity,21197.00309558345
