date,purple.tag,tag.20250820,oyster,length.mm,width.mm,image
20250820,13,NA,oyster1,35.581,28.596,tag013_20250820
20250820,13,NA,oyster2,43.69,32.341,tag013_20250820
20250820,13,NA,oyster3,44.655,28.123,tag013_20250820
20250820,13,NA,oyster4,36.975,37.038,tag013_20250820
20250820,13,NA,oyster5,47.499,31.24,tag013_20250820
20250820,13,NA,oyster6,61.46,40.887,tag013_20250820
20250820,13,NA,oyster7,42.524,36.98,tag013_20250820
20250820,13,NA,oyster8,40.155,30.85,tag013_20250820
20250820,13,NA,oyster9,45.689,36.331,tag013_20250820
20250820,16,NA,oyster1,63.778,37.442,tag016_20250820
20250820,16,NA,oyster2,60.795,56.522,tag016_20250820
20250820,16,NA,oyster3,79.497,51.542,tag016_20250820
20250820,16,NA,oyster4,63.949,51.27,tag016_20250820
20250820,19,NA,oyster1,81.977,55.828,tag019_20250820
20250820,19,NA,oyster2,73.385,52.327,tag019_20250820
20250820,19,NA,oyster3,53.54,44.943,tag019_20250820
20250820,19,NA,oyster4,74.89,51.896,tag019_20250820
20250820,19,NA,oyster5,81.913,69.669,tag019_20250820
20250820,19,NA,oyster6,70.952,60.435,tag019_20250820
20250820,21,NA,oyster1,80.508,41.916,tag021_20250820
20250820,21,NA,oyster2,59.898,59.054,tag021_20250820
20250820,21,NA,oyster3,88.179,63.722,tag021_20250820
20250820,21,NA,oyster4,17.599,10.605,tag021_20250820
20250820,21,NA,oyster5,4.677,4.859,tag021_20250820
20250820,21,NA,oyster6,66.572,48.38,tag021_20250820
20250820,21,NA,oyster7,66.6,52.1,tag021_20250820
20250820,21,NA,oyster8,57.762,53.303,tag021_20250820
20250820,4,301,oyster1,67.735,37.132,tag301_20250820
20250820,4,301,oyster2,50.14,43.681,tag301_20250820
20250820,4,301,oyster3,59.508,45.79,tag301_20250820
20250820,4,301,oyster4,65,49.282,tag301_20250820
20250820,4,301,oyster5,61.973,34.368,tag301_20250820
20250820,4,301,oyster6,72.631,49.618,tag301_20250820
20250820,4,301,oyster7,39.612,41.428,tag301_20250820
20250820,4,301,oyster8,58.792,38.69,tag301_20250820
20250820,4,301,oyster9,57.46,42.53,tag301_20250820
20250820,4,301,oyster10,54.593,45.282,tag301_20250820
20250820,4,301,oyster11,61.624,38.606,tag301_20250820
20250820,4,301,oyster12,60.398,49.133,tag301_20250820
20250820,4,301,oyster13,62.902,38.275,tag301_20250820
20250820,4,301,oyster14,54.871,41.252,tag301_20250820
20250820,4,301,oyster15,54.628,44.763,tag301_20250820
20250820,4,301,oyster16,68.523,50.509,tag301_20250820
20250820,4,301,oyster17,53.593,36.963,tag301_20250820
20250820,4,301,oyster18,67.61,45.007,tag301_20250820
20250820,4,301,oyster19,53.72,33.949,tag301_20250820
20250820,4,301,oyster20,67.613,46.822,tag301_20250820
20250820,4,301,oyster21,40.901,28.476,tag301_20250820
20250820,4,301,oyster22,52.768,50.179,tag301_20250820
20250820,4,301,oyster23,50.664,41.605,tag301_20250820
20250820,4,301,oyster24,51.387,36.457,tag301_20250820
20250820,4,301,oyster25,51.874,43.647,tag301_20250820
20250820,4,301,oyster26,52.448,40.834,tag301_20250820
20250820,4,301,oyster27,70.181,53.253,tag301_20250820
20250820,4,301,oyster28,53.085,34.305,tag301_20250820
20250820,4,301,oyster29,60.29,57.825,tag301_20250820
20250820,4,301,oyster30,75.404,51.101,tag301_20250820
20250820,4,301,oyster31,68.711,52.43,tag301_20250820
20250820,4,301,oyster32,36.152,32.719,tag301_20250820
20250820,4,301,oyster33,58.835,39.461,tag301_20250820
20250820,4,301,oyster34,61.506,38.46,tag301_20250820
20250820,4,301,oyster35,30.848,23.153,tag301_20250820
20250820,4,301,oyster36,50.494,28.666,tag301_20250820
20250820,4,301,oyster37,61.821,49.735,tag301_20250820
20250820,4,301,oyster38,34.194,24.943,tag301_20250820
20250820,4,301,oyster39,50.195,35.861,tag301_20250820
20250820,4,301,oyster40,50.649,33.401,tag301_20250820
20250820,4,301,oyster41,54.831,50.735,tag301_20250820
20250820,4,301,oyster42,32.417,16.571,tag301_20250820
20250820,4,301,oyster43,56.96,42.167,tag301_20250820
20250820,4,301,oyster44,39.598,30.455,tag301_20250820
20250820,4,301,oyster45,42.251,34.21,tag301_20250820
20250820,4,301,oyster46,73.257,58.661,tag301_20250820
20250820,4,301,oyster47,65.502,37.937,tag301_20250820
20250820,4,301,oyster48,52.284,37.658,tag301_20250820
20250820,4,301,oyster49,54.216,32.171,tag301_20250820
20250820,4,301,oyster50,52.856,42.098,tag301_20250820
20250820,4,301,oyster51,53.669,39.549,tag301_20250820
20250820,4,301,oyster52,49.157,35.43,tag301_20250820
20250820,4,301,oyster53,53.564,40.466,tag301_20250820
20250820,4,301,oyster54,44.552,39.425,tag301_20250820
20250820,4,301,oyster55,66.965,60.43,tag301_20250820
20250820,4,301,oyster56,51.385,43.572,tag301_20250820
20250820,4,301,oyster57,64.637,49.507,tag301_20250820
20250820,4,301,oyster58,55.767,45.658,tag301_20250820
20250820,4,301,oyster59,75.343,52.69,tag301_20250820
20250820,4,301,oyster60,56.35,36.935,tag301_20250820
20250820,4,301,oyster61,66.72,44.192,tag301_20250820
20250820,4,301,oyster62,57.791,38.381,tag301_20250820
20250820,4,301,oyster63,84.709,55.485,tag301_20250820
20250820,4,301,oyster64,51.42,33.29,tag301_20250820
20250820,4,301,oyster65,58.559,36.523,tag301_20250820
20250820,4,301,oyster66,74.669,45.012,tag301_20250820
20250820,4,301,oyster67,63.442,40.53,tag301_20250820
20250820,4,301,oyster68,38.432,31.91,tag301_20250820
20250820,4,301,oyster69,60.051,45.499,tag301_20250820
20250820,4,301,oyster70,70.783,54.846,tag301_20250820
20250820,4,301,oyster71,57.176,49.468,tag301_20250820
20250820,4,301,oyster72,49.239,26.008,tag301_20250820
20250820,4,301,oyster73,50.842,34.033,tag301_20250820
20250820,4,301,oyster74,58.044,43.196,tag301_20250820
20250820,4,301,oyster75,49.626,37.754,tag301_20250820
20250820,4,301,oyster76,82.137,60.527,tag301_20250820
20250820,4,301,oyster77,54.068,44.024,tag301_20250820
20250820,4,301,oyster78,50.615,28.263,tag301_20250820
20250820,15,302,oyster1,78.241,64.943,tag302_20250820
20250820,15,302,oyster2,47.844,45.672,tag302_20250820
20250820,15,302,oyster3,63.054,41.167,tag302_20250820
20250820,15,302,oyster4,65.157,59.085,tag302_20250820
20250820,15,302,oyster5,59.168,54.085,tag302_20250820
20250820,15,302,oyster6,50.008,64.114,tag302_20250820
20250820,15,302,oyster7,47.947,27.714,tag302_20250820
20250820,18,303,oyster1,48.062,35.687,tag303_20250820
20250820,18,303,oyster2,84.065,56.543,tag303_20250820
20250820,18,303,oyster3,68.158,40.18,tag303_20250820
20250820,18,303,oyster4,67.004,46.575,tag303_20250820
20250820,18,303,oyster5,53.269,34.915,tag303_20250820
20250820,18,303,oyster6,50.137,26.954,tag303_20250820
20250820,18,303,oyster7,65.396,47.25,tag303_20250820
20250820,18,303,oyster8,73.095,39.363,tag303_20250820
20250820,18,303,oyster9,43.808,31.968,tag303_20250820
20250820,18,303,oyster10,34.336,24.658,tag303_20250820
20250820,18,303,oyster11,45.699,32.848,tag303_20250820
20250820,18,303,oyster12,72.433,45.297,tag303_20250820
20250820,18,303,oyster13,60.648,55.005,tag303_20250820
20250820,18,303,oyster14,55.608,39.673,tag303_20250820
20250820,18,303,oyster15,48.646,38.786,tag303_20250820
20250820,18,303,oyster16,64.693,41.075,tag303_20250820
20250820,18,303,oyster17,63.33,43.096,tag303_20250820
20250820,18,303,oyster18,50.734,28.472,tag303_20250820
20250820,18,303,oyster19,53.273,44.312,tag303_20250820
20250820,18,303,oyster20,58.466,50.802,tag303_20250820
20250820,18,303,oyster21,49.498,39.976,tag303_20250820
20250820,18,303,oyster22,66.808,42.733,tag303_20250820
20250820,18,303,oyster23,49.978,32.292,tag303_20250820
20250820,18,303,oyster24,60.426,41.191,tag303_20250820
20250820,18,303,oyster25,55.457,39.047,tag303_20250820
20250820,18,303,oyster26,57.448,46.422,tag303_20250820
20250820,18,303,oyster27,44.255,33.796,tag303_20250820
20250820,18,303,oyster28,73.606,44.659,tag303_20250820
20250820,18,303,oyster29,38.097,24.893,tag303_20250820
20250820,18,303,oyster30,65.388,34.518,tag303_20250820
20250820,18,303,oyster31,48.349,30.615,tag303_20250820
20250820,18,303,oyster32,63.861,46.87,tag303_20250820
20250820,18,303,oyster33,56.405,44.379,tag303_20250820
20250820,18,303,oyster34,57.057,40.241,tag303_20250820
20250820,18,303,oyster35,43.826,30.893,tag303_20250820
20250820,18,303,oyster36,52.075,33.344,tag303_20250820
20250820,18,303,oyster37,72.014,47.87,tag303_20250820
20250820,18,303,oyster38,88.725,61.225,tag303_20250820
20250820,18,303,oyster39,53.228,43.179,tag303_20250820
20250820,18,303,oyster40,46.377,30.13,tag303_20250820
20250820,18,303,oyster41,66.05,44.108,tag303_20250820
20250820,18,303,oyster42,56.771,35.488,tag303_20250820
20250820,18,303,oyster43,57.675,38.883,tag303_20250820
20250820,18,303,oyster44,55.844,32.328,tag303_20250820
20250820,18,303,oyster45,49.974,41.117,tag303_20250820
20250820,18,303,oyster46,59.683,46.464,tag303_20250820
20250820,18,303,oyster47,62.32,42.729,tag303_20250820
20250820,18,303,oyster48,68.504,41.401,tag303_20250820
20250820,18,303,oyster49,64.772,41.905,tag303_20250820
20250820,3,304,oyster1,46.639,23.249,tag304_20250820
20250820,3,304,oyster2,40.346,29.569,tag304_20250820
20250820,3,304,oyster3,48.866,28.837,tag304_20250820
20250820,3,304,oyster4,39.115,26.58,tag304_20250820
20250820,3,304,oyster5,47.598,31.942,tag304_20250820
20250820,3,304,oyster6,30.063,20.906,tag304_20250820
20250820,3,304,oyster7,33.883,21.802,tag304_20250820
20250820,3,304,oyster8,49.363,26.119,tag304_20250820
20250820,3,304,oyster9,54.615,31.364,tag304_20250820
20250820,3,304,oyster10,24.539,29.355,tag304_20250820
20250820,3,304,oyster11,51.614,32.85,tag304_20250820
20250820,3,304,oyster12,55.228,36.355,tag304_20250820
20250820,3,304,oyster13,49.748,31.768,tag304_20250820
20250820,3,304,oyster14,38.237,26.867,tag304_20250820
20250820,3,304,oyster15,42.465,28.391,tag304_20250820
20250820,3,304,oyster16,22.916,16.342,tag304_20250820
20250820,3,304,oyster17,43.975,26.673,tag304_20250820
20250820,3,304,oyster18,34.323,23.778,tag304_20250820
20250820,3,304,oyster19,60.92,31.253,tag304_20250820
20250820,3,304,oyster20,47.68,26.01,tag304_20250820
20250820,3,304,oyster21,55.641,41.744,tag304_20250820
20250820,3,304,oyster22,39.079,23.317,tag304_20250820
20250820,3,304,oyster23,26.367,16.98,tag304_20250820
20250820,3,304,oyster24,37.194,27.253,tag304_20250820
20250820,3,304,oyster25,37.055,23.78,tag304_20250820
20250820,3,304,oyster26,38.375,29.119,tag304_20250820
20250820,3,304,oyster27,66.718,30.746,tag304_20250820
20250820,3,304,oyster28,71.065,47.956,tag304_20250820
20250820,3,304,oyster29,64.405,40.296,tag304_20250820
20250820,3,304,oyster30,46.303,25.256,tag304_20250820
20250820,3,304,oyster31,64.531,34.108,tag304_20250820
20250820,3,304,oyster32,56.301,45.097,tag304_20250820
20250820,3,304,oyster33,49.423,29.732,tag304_20250820
20250820,3,304,oyster34,58.852,34.078,tag304_20250820
20250820,3,304,oyster35,52.1,34.695,tag304_20250820
20250820,3,304,oyster36,65.734,36.32,tag304_20250820
20250820,3,304,oyster37,50.416,40.021,tag304_20250820
20250820,3,304,oyster38,50.173,31.536,tag304_20250820
20250820,3,304,oyster39,40.467,25.132,tag304_20250820
20250820,3,304,oyster40,41.996,31.63,tag304_20250820
20250820,3,304,oyster41,75.181,33.051,tag304_20250820
20250820,3,304,oyster42,36.33,23.523,tag304_20250820
20250820,3,304,oyster43,64.645,46.288,tag304_20250820
20250820,3,304,oyster44,46.93,34.869,tag304_20250820
20250820,3,304,oyster45,83.774,44.021,tag304_20250820
20250820,3,304,oyster46,55.772,35.737,tag304_20250820
20250820,14,305,oyster1,42.447,40.221,tag305_20250820
20250820,14,305,oyster2,58.044,45.518,tag305_20250820
20250820,14,305,oyster3,41.45,34.661,tag305_20250820
20250820,14,305,oyster4,61.588,41.665,tag305_20250820
20250820,14,305,oyster5,29.742,23.879,tag305_20250820
20250820,14,305,oyster6,69.674,33.732,tag305_20250820
20250820,14,305,oyster7,59.097,51.039,tag305_20250820
20250820,14,305,oyster8,58.792,43.105,tag305_20250820
20250820,14,305,oyster9,73.211,55.338,tag305_20250820
20250820,14,305,oyster10,72.319,52.972,tag305_20250820
20250820,14,305,oyster11,70.033,48.058,tag305_20250820
20250820,14,305,oyster12,57.196,50.146,tag305_20250820
20250820,14,305,oyster13,63.512,54.518,tag305_20250820
20250820,14,305,oyster14,59.17,48.924,tag305_20250820
20250820,14,305,oyster15,68.559,56.511,tag305_20250820
20250820,14,305,oyster16,55.15,45.435,tag305_20250820
20250820,14,305,oyster17,43.033,34.737,tag305_20250820
20250820,14,305,oyster18,75.777,51.338,tag305_20250820
20250820,14,305,oyster19,65.211,49.332,tag305_20250820
20250820,14,305,oyster20,84.882,48.547,tag305_20250820
20250820,14,305,oyster21,59.213,44.28,tag305_20250820
20250820,14,305,oyster22,65.686,42.948,tag305_20250820
20250820,14,305,oyster23,69.546,52.938,tag305_20250820
20250820,14,305,oyster24,67.841,54.615,tag305_20250820
20250820,14,305,oyster25,56.048,50.099,tag305_20250820
20250820,14,305,oyster26,61.823,42.061,tag305_20250820
20250820,14,305,oyster27,59.621,53.035,tag305_20250820
20250820,14,305,oyster28,78.864,52.639,tag305_20250820
20250820,14,305,oyster29,63.305,39.937,tag305_20250820
20250820,14,305,oyster30,54.264,56.82,tag305_20250820
20250820,14,305,oyster31,50.064,43.592,tag305_20250820
20250820,14,305,oyster32,68.449,51.801,tag305_20250820
20250820,14,305,oyster33,78.439,53.103,tag305_20250820
20250820,14,305,oyster34,50.953,41.265,tag305_20250820
20250820,14,305,oyster35,50.749,42.483,tag305_20250820
20250820,14,305,oyster36,67.325,59.579,tag305_20250820
20250820,14,305,oyster37,63.993,59.705,tag305_20250820
20250820,14,305,oyster38,52.954,55.996,tag305_20250820
20250820,5,306,oyster1,63.874,53.966,tag306_20250820
20250820,5,306,oyster2,60.8,41.124,tag306_20250820
20250820,5,306,oyster3,43.671,28.743,tag306_20250820
20250820,5,306,oyster4,71.537,45.837,tag306_20250820
20250820,5,306,oyster5,74.045,48.208,tag306_20250820
20250820,5,306,oyster6,54.816,41.216,tag306_20250820
20250820,5,306,oyster7,57.611,37.304,tag306_20250820
20250820,5,306,oyster8,72.861,41.241,tag306_20250820
20250820,5,306,oyster9,42.507,36.799,tag306_20250820
20250820,5,306,oyster10,71.21,50.092,tag306_20250820
20250820,5,306,oyster11,51.95,34.698,tag306_20250820
20250820,5,306,oyster12,56.087,39.317,tag306_20250820
20250820,5,306,oyster13,50.825,42.697,tag306_20250820
20250820,5,306,oyster14,53.952,50.638,tag306_20250820
20250820,5,306,oyster15,68.125,45.046,tag306_20250820
20250820,5,306,oyster16,62.044,46.556,tag306_20250820
20250820,5,306,oyster17,44.471,38.319,tag306_20250820
20250820,5,306,oyster18,64.431,45.918,tag306_20250820
20250820,5,306,oyster19,66.478,39.986,tag306_20250820
20250820,5,306,oyster20,74.829,49.38,tag306_20250820
20250820,5,306,oyster21,64.406,54.456,tag306_20250820
20250820,5,306,oyster22,47.796,33.72,tag306_20250820
20250820,5,306,oyster23,69.825,58.088,tag306_20250820
20250820,5,306,oyster24,53.817,48.793,tag306_20250820
20250820,5,306,oyster25,61.716,47.602,tag306_20250820
20250820,5,306,oyster26,56.254,42.069,tag306_20250820
20250820,5,306,oyster27,42.942,33.238,tag306_20250820
20250820,5,306,oyster28,61.547,39.42,tag306_20250820
20250820,5,306,oyster29,57.205,44.431,tag306_20250820
20250820,5,306,oyster30,50.343,43.697,tag306_20250820
20250820,5,306,oyster31,53.466,41.338,tag306_20250820
20250820,5,306,oyster32,50.293,31.731,tag306_20250820
20250820,5,306,oyster33,55.128,42.081,tag306_20250820
20250820,5,306,oyster34,46.17,37.136,tag306_20250820
20250820,5,306,oyster35,60.806,37.388,tag306_20250820
20250820,5,306,oyster36,52.858,31.945,tag306_20250820
20250820,5,306,oyster37,88.36,46.001,tag306_20250820
20250820,5,306,oyster38,66.393,41.355,tag306_20250820
20250820,5,306,oyster39,49.476,36.602,tag306_20250820
20250820,5,306,oyster40,41.831,32.854,tag306_20250820
20250820,5,306,oyster41,67.038,49.464,tag306_20250820
20250820,5,306,oyster42,72.344,41.372,tag306_20250820
20250820,5,306,oyster43,61.585,45.426,tag306_20250820
20250820,5,306,oyster44,51.073,32.627,tag306_20250820
20250820,5,306,oyster45,44.28,39.308,tag306_20250820
20250820,5,306,oyster46,54.515,37.971,tag306_20250820
20250820,5,306,oyster47,68.556,43.28,tag306_20250820
20250820,5,306,oyster48,63.644,43.526,tag306_20250820
20250820,5,306,oyster49,75.712,48.271,tag306_20250820
20250820,5,306,oyster50,68.425,47.046,tag306_20250820
20250820,5,306,oyster51,58.42,34.581,tag306_20250820
20250820,5,306,oyster52,53.338,35.626,tag306_20250820
20250820,5,306,oyster53,53.045,37.327,tag306_20250820
20250820,5,306,oyster54,61.882,34.937,tag306_20250820
20250820,5,306,oyster55,79.237,58.804,tag306_20250820
20250820,5,306,oyster56,63.207,45.829,tag306_20250820
20250820,5,306,oyster57,65.122,37.432,tag306_20250820
20250820,5,306,oyster58,51.593,43.526,tag306_20250820
20250820,5,306,oyster59,64.03,50.994,tag306_20250820
20250820,5,306,oyster60,63.832,41.61,tag306_20250820
20250820,5,306,oyster61,68.104,48.463,tag306_20250820
20250820,5,306,oyster62,55.277,43.48,tag306_20250820
20250820,5,306,oyster63,73.272,44.162,tag306_20250820
20250820,5,306,oyster64,57.659,39.194,tag306_20250820
20250820,5,306,oyster65,46.829,28.286,tag306_20250820
20250820,5,306,oyster66,67.168,56.709,tag306_20250820
20250820,5,306,oyster67,18.177,13.081,tag306_20250820
20250820,22,307,oyster1,59.852,36.172,tag307_20250820
20250820,22,307,oyster2,39.55,35.596,tag307_20250820
20250820,22,307,oyster3,34.112,32.229,tag307_20250820
20250820,22,307,oyster4,51.49,45.789,tag307_20250820
20250820,22,307,oyster5,50.979,35.248,tag307_20250820
20250820,22,307,oyster6,45.2,32.982,tag307_20250820
20250820,22,307,oyster7,48.912,37.595,tag307_20250820
20250820,22,307,oyster8,55.537,43.5,tag307_20250820
20250820,22,307,oyster9,50.475,27.091,tag307_20250820
20250820,22,307,oyster10,43.494,31.622,tag307_20250820
20250820,22,307,oyster11,46.762,40.57,tag307_20250820
20250820,22,307,oyster12,55.258,43.813,tag307_20250820
20250820,22,307,oyster13,56.703,38.844,tag307_20250820
20250820,22,307,oyster14,56.921,44.452,tag307_20250820
20250820,22,307,oyster15,51.49,35.78,tag307_20250820
20250820,22,307,oyster16,54.601,35.244,tag307_20250820
20250820,22,307,oyster17,82.095,52.508,tag307_20250820
20250820,22,307,oyster18,41.919,41.113,tag307_20250820
20250820,22,307,oyster19,51.001,33.184,tag307_20250820
20250820,22,307,oyster20,57.909,44.241,tag307_20250820
20250820,22,307,oyster21,45.049,38.853,tag307_20250820
20250820,22,307,oyster22,42.147,42.366,tag307_20250820
20250820,22,307,oyster23,36.625,32.549,tag307_20250820
20250820,22,307,oyster24,44.104,32.64,tag307_20250820
20250820,22,307,oyster25,45.049,31.668,tag307_20250820
20250820,22,307,oyster26,52.426,44.914,tag307_20250820
20250820,22,307,oyster27,33.146,28.623,tag307_20250820
20250820,22,307,oyster28,83.172,47.292,tag307_20250820
20250820,22,307,oyster29,50.575,37.63,tag307_20250820
20250820,22,307,oyster30,54.938,40.35,tag307_20250820
20250820,22,307,oyster31,43.659,44.574,tag307_20250820
20250820,22,307,oyster32,52.094,33.208,tag307_20250820
20250820,22,307,oyster33,49.724,29.329,tag307_20250820
20250820,22,307,oyster34,54.561,37.63,tag307_20250820
20250820,22,307,oyster35,53.371,46.034,tag307_20250820
20250820,22,307,oyster36,66.574,42.916,tag307_20250820
20250820,22,307,oyster37,44.777,38.96,tag307_20250820
20250820,22,307,oyster38,62.663,38.534,tag307_20250820
20250820,22,307,oyster39,31.123,30.252,tag307_20250820
20250820,22,307,oyster40,58.528,42.176,tag307_20250820
20250820,22,307,oyster41,31.461,22.9,tag307_20250820
20250820,22,307,oyster42,36.726,22.555,tag307_20250820
20250820,22,307,oyster43,60.803,46.384,tag307_20250820
20250820,22,307,oyster44,40.465,29.373,tag307_20250820
20250820,22,307,oyster45,49.856,40.205,tag307_20250820
20250820,22,307,oyster46,59.85,41.573,tag307_20250820
20250820,22,307,oyster47,55.548,48.598,tag307_20250820
20250820,22,307,oyster48,64.429,53.458,tag307_20250820
20250820,22,307,oyster49,45.837,40.35,tag307_20250820
20250820,22,307,oyster50,57.545,51.561,tag307_20250820
20250820,22,307,oyster51,70.839,47.778,tag307_20250820
20250820,22,307,oyster52,54.254,38.423,tag307_20250820
20250820,22,307,oyster53,62.881,47.834,tag307_20250820
20250820,22,307,oyster54,56.239,41.859,tag307_20250820
20250820,22,307,oyster55,52.483,34.62,tag307_20250820
20250820,22,307,oyster56,45.096,33.525,tag307_20250820
20250820,22,307,oyster57,57.984,41.088,tag307_20250820
20250820,22,307,oyster58,55.214,31.052,tag307_20250820
20250820,22,307,oyster59,46.695,41.093,tag307_20250820
20250820,22,307,oyster60,58.437,41.042,tag307_20250820
20250820,22,307,oyster61,43.596,30.035,tag307_20250820
20250820,22,307,oyster62,63.435,38.369,tag307_20250820
20250820,22,307,oyster63,51.26,40.195,tag307_20250820
20250820,22,307,oyster64,53.794,37.587,tag307_20250820
20250820,22,307,oyster65,82.213,53.745,tag307_20250820
20250820,22,307,oyster66,61.486,41.242,tag307_20250820
20250820,22,307,oyster67,46.525,32.354,tag307_20250820
20250820,22,307,oyster68,46.724,35.311,tag307_20250820
20250820,22,307,oyster69,66.011,35.716,tag307_20250820
20250820,22,307,oyster70,43.79,35.524,tag307_20250820
20250820,22,307,oyster71,41.895,28.901,tag307_20250820
20250820,22,307,oyster72,66.322,62.3,tag307_20250820
20250820,22,307,oyster73,66.295,45.822,tag307_20250820
20250820,22,307,oyster74,70.661,43.786,tag307_20250820
20250820,22,307,oyster75,68.568,42.152,tag307_20250820
20250820,22,307,oyster76,78.374,55.933,tag307_20250820
20250820,22,307,oyster77,80.627,47.768,tag307_20250820
20250820,22,307,oyster78,84.357,59.73,tag307_20250820
20250820,22,307,oyster79,61.12,46.953,tag307_20250820
20250820,23,308,oyster1,65.452,40.886,tag308_20250820
20250820,23,308,oyster2,60.281,48.511,tag308_20250820
20250820,23,308,oyster3,71.314,45.299,tag308_20250820
20250820,23,308,oyster4,61.385,35.002,tag308_20250820
20250820,23,308,oyster5,62.881,45.408,tag308_20250820
20250820,23,308,oyster6,66.566,42.461,tag308_20250820
20250820,23,308,oyster7,45.717,37.907,tag308_20250820
20250820,23,308,oyster8,64.608,41.312,tag308_20250820
20250820,23,308,oyster9,62.264,36.183,tag308_20250820
20250820,23,308,oyster10,80.631,46.775,tag308_20250820
20250820,23,308,oyster11,58.753,39.578,tag308_20250820
20250820,23,308,oyster12,51.152,42.01,tag308_20250820
20250820,23,308,oyster13,42.548,27.482,tag308_20250820
20250820,23,308,oyster14,48.191,36.112,tag308_20250820
20250820,23,308,oyster15,72.311,37.704,tag308_20250820
20250820,23,308,oyster16,51.748,41.646,tag308_20250820
20250820,23,308,oyster17,68.85,37.256,tag308_20250820
20250820,23,308,oyster18,44.056,33.391,tag308_20250820
20250820,23,308,oyster19,36.314,26.943,tag308_20250820
20250820,23,308,oyster20,66.07,57.149,tag308_20250820
20250820,23,308,oyster21,56.356,36.816,tag308_20250820
20250820,23,308,oyster22,60.116,39.826,tag308_20250820
20250820,23,308,oyster23,38.887,20.486,tag308_20250820
20250820,23,308,oyster24,69.083,49.777,tag308_20250820
20250820,23,308,oyster25,95.024,50.768,tag308_20250820
20250820,23,308,oyster26,49.681,35.098,tag308_20250820
20250820,23,308,oyster27,74.146,41.649,tag308_20250820
20250820,23,308,oyster28,64.314,42.117,tag308_20250820
20250820,23,308,oyster29,44.265,33.59,tag308_20250820
20250820,23,308,oyster30,39.125,41.168,tag308_20250820
20250820,23,308,oyster31,52.128,35.559,tag308_20250820
20250820,23,308,oyster32,23.323,13.864,tag308_20250820
20250820,23,308,oyster33,63.598,36.706,tag308_20250820
20250820,23,308,oyster34,45.712,29.879,tag308_20250820
20250820,23,308,oyster35,66.723,37.975,tag308_20250820
20250820,23,308,oyster36,15.662,13.204,tag308_20250820
20250820,23,308,oyster37,49.642,32.629,tag308_20250820
20250820,23,308,oyster38,68.703,38.197,tag308_20250820
20250820,23,308,oyster39,75.753,50.629,tag308_20250820
20250820,23,308,oyster40,77.286,57.085,tag308_20250820
20250820,23,308,oyster41,52.753,33.25,tag308_20250820
20250820,23,308,oyster42,65.844,48.826,tag308_20250820
20250820,23,308,oyster43,52.749,41.426,tag308_20250820
20250820,23,308,oyster44,71.767,48.494,tag308_20250820
20250820,23,308,oyster45,102.133,62.661,tag308_20250820
20250820,23,308,oyster46,32.853,21.721,tag308_20250820
20250820,23,308,oyster47,70.259,44.874,tag308_20250820
20250820,23,308,oyster48,77.025,41.917,tag308_20250820
20250820,23,308,oyster49,75.696,38.537,tag308_20250820
20250820,23,308,oyster50,45.102,30.512,tag308_20250820
20250820,23,308,oyster51,86.363,56.078,tag308_20250820
20250820,23,308,oyster52,61.002,37.954,tag308_20250820
20250820,23,308,oyster53,77.503,47.088,tag308_20250820
20250820,23,308,oyster54,87.696,44.742,tag308_20250820
20250820,23,308,oyster55,54.811,42.421,tag308_20250820
20250820,23,308,oyster56,43.39,30.585,tag308_20250820
20250820,23,308,oyster57,54.77,36.159,tag308_20250820
20250820,23,308,oyster58,76.192,46.708,tag308_20250820
20250820,23,308,oyster59,60.819,43.568,tag308_20250820
20250820,23,308,oyster60,88.346,51.51,tag308_20250820
20250820,23,308,oyster61,67.547,56.034,tag308_20250820
20250820,23,308,oyster62,100.499,57.998,tag308_20250820
20250820,23,308,oyster63,63.699,47.862,tag308_20250820
20250820,23,308,oyster64,79.983,49.874,tag308_20250820
20250820,23,308,oyster65,62.855,37.593,tag308_20250820
20250820,23,308,oyster66,60.217,40.857,tag308_20250820
20250820,23,308,oyster67,49.396,24.861,tag308_20250820
20250820,23,308,oyster68,94.097,65.031,tag308_20250820
20250820,23,308,oyster69,60.481,36.606,tag308_20250820
20250820,23,308,oyster70,30.406,16.745,tag308_20250820
20250820,23,308,oyster71,56.039,32.553,tag308_20250820
20250820,23,308,oyster72,73.945,44.134,tag308_20250820
20250820,23,308,oyster73,76.791,45.041,tag308_20250820
20250820,23,308,oyster74,82.501,47.516,tag308_20250820
20250820,8,309,oyster1,58.21,38.561,tag309_20250820
20250820,8,309,oyster2,69.121,50.755,tag309_20250820
20250820,8,309,oyster3,59.677,40.125,tag309_20250820
20250820,8,309,oyster4,56.303,32.273,tag309_20250820
20250820,8,309,oyster5,51.021,38.021,tag309_20250820
20250820,8,309,oyster6,56.832,39.027,tag309_20250820
20250820,8,309,oyster7,64.291,42.758,tag309_20250820
20250820,8,309,oyster8,42.039,35.018,tag309_20250820
20250820,8,309,oyster9,56.983,47.479,tag309_20250820
20250820,8,309,oyster10,61.672,31.384,tag309_20250820
20250820,8,309,oyster11,45.279,27.258,tag309_20250820
20250820,8,309,oyster12,45.883,31.932,tag309_20250820
20250820,8,309,oyster13,59.952,46.305,tag309_20250820
20250820,8,309,oyster14,75.482,48.456,tag309_20250820
20250820,8,309,oyster15,44.641,27.656,tag309_20250820
20250820,8,309,oyster16,88.146,54.47,tag309_20250820
20250820,8,309,oyster17,36.185,29.461,tag309_20250820
20250820,8,309,oyster18,61.842,35.018,tag309_20250820
20250820,8,309,oyster19,57.411,35.327,tag309_20250820
20250820,8,309,oyster20,81.639,42.875,tag309_20250820
20250820,8,309,oyster21,47.767,41.315,tag309_20250820
20250820,8,309,oyster22,59.824,38.373,tag309_20250820
20250820,8,309,oyster23,63.317,29.986,tag309_20250820
20250820,8,309,oyster24,46.762,34.044,tag309_20250820
20250820,8,309,oyster25,42.724,30.121,tag309_20250820
20250820,8,309,oyster26,67.357,38.843,tag309_20250820
20250820,8,309,oyster27,72.703,52.043,tag309_20250820
20250820,8,309,oyster28,61.965,42.113,tag309_20250820
20250820,8,309,oyster29,77.257,47.954,tag309_20250820
20250820,8,309,oyster30,62.082,40.113,tag309_20250820
20250820,8,309,oyster31,43.832,32.355,tag309_20250820
20250820,8,309,oyster32,48.632,39.555,tag309_20250820
20250820,8,309,oyster33,69.64,43.795,tag309_20250820
20250820,8,309,oyster34,62.641,43.931,tag309_20250820
20250820,8,309,oyster35,40.673,35.761,tag309_20250820
20250820,8,309,oyster36,75.281,45.762,tag309_20250820
20250820,8,309,oyster37,83.018,61.421,tag309_20250820
20250820,8,309,oyster38,69.163,45.061,tag309_20250820
20250820,8,309,oyster39,55.353,32.68,tag309_20250820
20250820,8,309,oyster40,63.715,35.815,tag309_20250820
20250820,8,309,oyster41,60.535,36.271,tag309_20250820
20250820,8,309,oyster42,54.591,33.72,tag309_20250820
20250820,8,309,oyster43,58.173,37.766,tag309_20250820
20250820,8,309,oyster44,65.333,37.011,tag309_20250820
20250820,8,309,oyster45,76.141,55.231,tag309_20250820
20250820,8,309,oyster46,69.746,44.557,tag309_20250820
20250820,8,309,oyster47,70.064,52.053,tag309_20250820
20250820,8,309,oyster48,65.209,52.748,tag309_20250820
20250820,8,309,oyster49,52.833,34.801,tag309_20250820
20250820,8,309,oyster50,91.725,59.149,tag309_20250820
20250820,8,309,oyster51,65.352,57.547,tag309_20250820
20250820,8,309,oyster52,88.2,60.983,tag309_20250820
20250820,27,310,oyster1,72.649,58.249,tag310_20250820
20250820,27,310,oyster2,74.764,55.959,tag310_20250820
20250820,27,310,oyster3,54.499,39.803,tag310_20250820
20250820,27,310,oyster4,57.435,43.954,tag310_20250820
20250820,27,310,oyster5,43.831,37.499,tag310_20250820
20250820,27,310,oyster6,80.122,49.009,tag310_20250820
20250820,27,310,oyster7,81.256,52.542,tag310_20250820
20250820,27,310,oyster8,60.174,50.266,tag310_20250820
20250820,27,310,oyster9,62.133,45.046,tag310_20250820
20250820,27,310,oyster10,73.223,53.792,tag310_20250820
20250820,27,310,oyster11,68.579,48.131,tag310_20250820
20250820,27,310,oyster12,75.705,55.607,tag310_20250820
20250820,27,310,oyster13,68.086,55.138,tag310_20250820
20250820,27,310,oyster14,59.047,40.457,tag310_20250820
20250820,27,310,oyster15,61.669,50.731,tag310_20250820
20250820,27,310,oyster16,79.876,56.204,tag310_20250820
20250820,27,310,oyster17,63.241,46.137,tag310_20250820
20250820,27,310,oyster18,66.987,40.976,tag310_20250820
20250820,27,310,oyster19,74.072,52.57,tag310_20250820
20250820,7,311,oyster1,39.643,32.959,tag311_20250820
20250820,7,311,oyster2,50.813,28.74,tag311_20250820
20250820,7,311,oyster3,30.431,28.336,tag311_20250820
20250820,7,311,oyster4,62.284,35.506,tag311_20250820
20250820,7,311,oyster5,66.367,44.586,tag311_20250820
20250820,7,311,oyster6,48.644,37.586,tag311_20250820
20250820,7,311,oyster7,36.561,30.7,tag311_20250820
20250820,7,311,oyster8,33.128,20.229,tag311_20250820
20250820,7,311,oyster9,81,36.946,tag311_20250820
20250820,7,311,oyster10,37.411,30.482,tag311_20250820
20250820,7,311,oyster11,27.513,27.22,tag311_20250820
20250820,7,311,oyster12,50.257,33.664,tag311_20250820
20250820,7,311,oyster13,57.559,39.367,tag311_20250820
20250820,7,311,oyster14,28.384,19.381,tag311_20250820
20250820,7,311,oyster15,34.241,16.893,tag311_20250820
20250820,7,311,oyster16,26.619,16.448,tag311_20250820
20250820,7,311,oyster17,25.484,15.518,tag311_20250820
20250820,7,311,oyster18,26.98,21.172,tag311_20250820
20250820,7,311,oyster19,30.307,25.593,tag311_20250820
20250820,7,311,oyster20,33.6,24.307,tag311_20250820
20250820,7,311,oyster21,34.687,23.947,tag311_20250820
20250820,7,311,oyster22,24.368,16.119,tag311_20250820
20250820,7,311,oyster23,24.063,36.181,tag311_20250820
20250820,7,311,oyster24,34.551,27.424,tag311_20250820
20250820,7,311,oyster25,24.879,18.757,tag311_20250820
20250820,7,311,oyster26,35.132,23.155,tag311_20250820
20250820,7,311,oyster27,47.313,38.386,tag311_20250820
20250820,7,311,oyster28,24.763,19.192,tag311_20250820
20250820,7,311,oyster29,30.513,21.602,tag311_20250820
20250820,7,311,oyster30,29.811,17.401,tag311_20250820
20250820,7,311,oyster31,37.192,31.439,tag311_20250820
20250820,7,311,oyster32,60.767,45.75,tag311_20250820
20250820,7,311,oyster33,45.724,29.79,tag311_20250820
20250820,7,311,oyster34,26.631,23.437,tag311_20250820
20250820,7,311,oyster35,36.327,22.577,tag311_20250820
20250820,7,311,oyster36,88.411,44.712,tag311_20250820
20250820,7,311,oyster37,30.708,22.248,tag311_20250820
20250820,7,311,oyster38,33.986,28.77,tag311_20250820
20250820,7,311,oyster39,52.866,33.352,tag311_20250820
20250820,7,311,oyster40,49.072,33.063,tag311_20250820
20250820,7,311,oyster41,30.122,16.009,tag311_20250820
20250820,7,311,oyster42,38.778,26.868,tag311_20250820
20250820,7,311,oyster43,73.658,62.563,tag311_20250820
20250820,7,311,oyster44,41.267,30.896,tag311_20250820
20250820,7,311,oyster45,45.231,28.824,tag311_20250820
20250820,7,311,oyster46,47.912,29.932,tag311_20250820
20250820,7,311,oyster47,29.412,24.431,tag311_20250820
20250820,7,311,oyster48,30.267,24.113,tag311_20250820
20250820,7,311,oyster49,34.054,28.602,tag311_20250820
20250820,7,311,oyster50,45.423,31.378,tag311_20250820
20250820,7,311,oyster51,37.122,22.293,tag311_20250820
20250820,7,311,oyster52,64.197,40.116,tag311_20250820
20250820,7,311,oyster53,44.911,25.706,tag311_20250820
20250820,7,311,oyster54,32.329,18.627,tag311_20250820
20250820,7,311,oyster55,25.599,28.592,tag311_20250820
20250820,7,311,oyster56,74.516,44.043,tag311_20250820
20250820,7,311,oyster57,36.427,26.196,tag311_20250820
20250820,7,311,oyster58,23.544,16.876,tag311_20250820
20250820,7,311,oyster59,47.635,37.85,tag311_20250820
20250820,7,311,oyster60,73.425,48.89,tag311_20250820
20250820,7,311,oyster61,42.69,33.815,tag311_20250820
20250820,7,311,oyster62,82.669,51.554,tag311_20250820
20250820,7,311,oyster63,72.361,62.212,tag311_20250820
20250820,7,311,oyster64,56.89,28.613,tag311_20250820
20250820,7,311,oyster65,41.047,24.605,tag311_20250820
20250820,7,311,oyster66,79.56,61.826,tag311_20250820
20250820,7,311,oyster67,40.633,33.069,tag311_20250820
20250820,7,311,oyster68,36.497,31.141,tag311_20250820
20250820,7,311,oyster69,37.669,25.861,tag311_20250820
20250820,20,312,oyster1,61.111,38.509,tag312_20250820
20250820,20,312,oyster2,51.09,36.385,tag312_20250820
20250820,20,312,oyster3,56.768,31.183,tag312_20250820
20250820,20,312,oyster4,57.55,44.146,tag312_20250820
20250820,20,312,oyster5,51.55,36.062,tag312_20250820
20250820,20,312,oyster6,62.747,40.691,tag312_20250820
20250820,20,312,oyster7,53.837,35.693,tag312_20250820
20250820,20,312,oyster8,46.94,31.936,tag312_20250820
20250820,20,312,oyster9,39.573,25.847,tag312_20250820
20250820,20,312,oyster10,37.146,23.334,tag312_20250820
20250820,20,312,oyster11,48.135,24.842,tag312_20250820
20250820,20,312,oyster12,60.503,41.073,tag312_20250820
20250820,20,312,oyster13,52.873,29.677,tag312_20250820
20250820,20,312,oyster14,58.972,41.427,tag312_20250820
20250820,20,312,oyster15,73.979,45.92,tag312_20250820
20250820,20,312,oyster16,64.316,46.27,tag312_20250820
20250820,20,312,oyster17,51.255,39.708,tag312_20250820
20250820,20,312,oyster18,67.673,51.246,tag312_20250820
20250820,20,312,oyster19,61.968,36.693,tag312_20250820
20250820,20,312,oyster20,56.438,46.765,tag312_20250820
20250820,20,312,oyster21,64.149,39.725,tag312_20250820
20250820,20,312,oyster22,69.856,45.751,tag312_20250820
20250820,20,312,oyster23,53.511,34.48,tag312_20250820
20250820,20,312,oyster24,46.95,30.719,tag312_20250820
20250820,20,312,oyster25,55.785,36.798,tag312_20250820
20250820,20,312,oyster26,42.409,41.122,tag312_20250820
20250820,20,312,oyster27,47.646,31.146,tag312_20250820
20250820,20,312,oyster28,62.949,45.307,tag312_20250820
20250820,20,312,oyster29,54.144,31.969,tag312_20250820
20250820,20,312,oyster30,63.823,47.241,tag312_20250820
20250820,20,312,oyster31,60.035,44.287,tag312_20250820
20250820,20,312,oyster32,51.616,40.386,tag312_20250820
20250820,20,312,oyster33,61.042,44.737,tag312_20250820
20250820,20,312,oyster34,52.908,43.612,tag312_20250820
20250820,20,312,oyster35,86.132,47.31,tag312_20250820
20250820,20,312,oyster36,48.395,31.855,tag312_20250820
20250820,20,312,oyster37,75.143,42.775,tag312_20250820
20250820,20,312,oyster38,45.241,32.636,tag312_20250820
20250820,20,312,oyster39,60.944,40.779,tag312_20250820
20250820,20,312,oyster40,76.184,48.475,tag312_20250820
20250820,20,312,oyster41,62.603,38.024,tag312_20250820
20250820,20,312,oyster42,46.784,35.743,tag312_20250820
20250820,20,312,oyster43,62.823,45.942,tag312_20250820
20250820,20,312,oyster44,66.07,49.041,tag312_20250820
20250820,20,312,oyster45,65.258,45.111,tag312_20250820
20250820,20,312,oyster46,52.754,35.758,tag312_20250820
20250820,20,312,oyster47,81.413,60.248,tag312_20250820
20250820,20,312,oyster48,52.615,36.335,tag312_20250820
20250820,20,312,oyster49,42.631,30.695,tag312_20250820
20250820,20,312,oyster50,47.619,31.619,tag312_20250820
20250820,20,312,oyster51,68.785,45.905,tag312_20250820
20250820,20,312,oyster52,51.107,40.333,tag312_20250820
20250820,20,312,oyster53,89.82,60.536,tag312_20250820
20250820,20,312,oyster54,65.507,51.817,tag312_20250820
20250820,20,312,oyster55,0.328,45.976,tag312_20250820
20250820,20,312,oyster56,79.448,50.336,tag312_20250820
20250820,20,312,oyster57,80.914,62.158,tag312_20250820
20250820,20,312,oyster58,61.884,42.046,tag312_20250820
20250820,20,312,oyster59,51.141,35.848,tag312_20250820
20250820,20,312,oyster60,69.264,37.727,tag312_20250820
20250820,20,312,oyster61,57.917,55.58,tag312_20250820
20250820,20,312,oyster62,61.13,44.248,tag312_20250820
20250820,20,312,oyster63,60.336,41.407,tag312_20250820
20250820,20,312,oyster64,60.168,44.412,tag312_20250820
20250820,20,312,oyster65,66.281,39.768,tag312_20250820
20250820,20,312,oyster66,69.486,45.878,tag312_20250820
20250820,20,312,oyster67,59.702,48.055,tag312_20250820
20250820,20,312,oyster68,59.181,35.806,tag312_20250820
20250820,20,312,oyster69,60.322,39.918,tag312_20250820
20250820,20,312,oyster70,61.559,38.317,tag312_20250820
20250820,20,312,oyster71,52.34,42.425,tag312_20250820
20250820,20,312,oyster72,50.968,35.06,tag312_20250820
20250820,20,312,oyster73,52.047,39.19,tag312_20250820
20250820,20,312,oyster74,71.338,55.059,tag312_20250820
20250820,20,312,oyster75,67.355,39.034,tag312_20250820
20250820,20,312,oyster76,82.75,50.443,tag312_20250820
20250820,20,312,oyster77,64.105,43.413,tag312_20250820
20250820,20,312,oyster78,72.265,43.759,tag312_20250820
20250820,20,312,oyster79,79.366,52.644,tag312_20250820
20250820,20,312,oyster80,78.572,54.046,tag312_20250820
20250820,20,312,oyster81,61.758,44.612,tag312_20250820
20250820,20,312,oyster82,67.944,40.444,tag312_20250820
20250820,20,312,oyster83,61.074,42.603,tag312_20250820
20250820,20,312,oyster84,56.981,41.099,tag312_20250820
20250820,20,312,oyster85,57.856,39.113,tag312_20250820
20250820,20,312,oyster86,53.242,36.428,tag312_20250820
20250820,20,312,oyster87,61.831,56.939,tag312_20250820
20250820,20,312,oyster88,60.549,45.014,tag312_20250820
20250820,20,312,oyster89,46.413,33.739,tag312_20250820
20250820,20,312,oyster90,68.048,45.713,tag312_20250820
20250820,20,312,oyster91,62.368,36.428,tag312_20250820
20250820,20,312,oyster92,96.588,49.733,tag312_20250820
20250820,20,312,oyster93,51.67,33.269,tag312_20250820
20250820,20,312,oyster94,55.238,41.427,tag312_20250820
20250820,20,312,oyster95,58.517,43.857,tag312_20250820
20250820,20,312,oyster96,59.342,47.997,tag312_20250820
20250820,20,312,oyster97,49.337,35.042,tag312_20250820
20250820,20,312,oyster98,72.277,44.325,tag312_20250820
20250820,20,312,oyster99,53.678,49.022,tag312_20250820
20250820,20,312,oyster100,63.545,35.06,tag312_20250820
20250820,20,312,oyster101,61.559,41.31,tag312_20250820
20250820,20,312,oyster102,53.737,40.361,tag312_20250820
20250820,20,312,oyster103,70.271,52.143,tag312_20250820
20250820,20,312,oyster104,77.594,47.368,tag312_20250820
20250820,20,312,oyster105,57.523,56.697,tag312_20250820
20250820,20,312,oyster106,45.557,36.835,tag312_20250820
20250820,20,312,oyster107,78.02,42.337,tag312_20250820
20250820,20,312,oyster108,73.831,41.272,tag312_20250820
20250820,20,312,oyster109,70.256,47.115,tag312_20250820
20250820,20,312,oyster110,55.238,39.227,tag312_20250820
20250820,20,312,oyster111,68.361,45.377,tag312_20250820
20250820,20,312,oyster112,60.947,34.238,tag312_20250820
20250820,20,312,oyster113,57.591,47.734,tag312_20250820
20250820,28,313,oyster1,31.651,32.595,tag313_20250820
20250820,28,313,oyster2,50.428,38.678,tag313_20250820
20250820,28,313,oyster3,52.563,40.801,tag313_20250820
20250820,28,313,oyster4,51.267,32.199,tag313_20250820
20250820,28,313,oyster5,43.633,34.73,tag313_20250820
20250820,28,313,oyster6,45.105,30.946,tag313_20250820
20250820,28,313,oyster7,45.895,35.1,tag313_20250820
20250820,28,313,oyster8,42.231,31.047,tag313_20250820
20250820,28,313,oyster9,62.231,35.451,tag313_20250820
20250820,28,313,oyster10,34.97,20.126,tag313_20250820
20250820,28,313,oyster11,24.426,17.088,tag313_20250820
20250820,28,313,oyster12,39.889,34.267,tag313_20250820
20250820,28,313,oyster13,45.891,33.809,tag313_20250820
20250820,28,313,oyster14,47.749,29.349,tag313_20250820
20250820,28,313,oyster15,44.672,42.942,tag313_20250820
20250820,28,313,oyster16,50.49,30.506,tag313_20250820
20250820,28,313,oyster17,46.463,26.206,tag313_20250820
20250820,28,313,oyster18,37.579,22.199,tag313_20250820
20250820,28,313,oyster19,47.553,31.255,tag313_20250820
20250820,28,313,oyster20,45.903,33.021,tag313_20250820
20250820,28,313,oyster21,45.174,33.195,tag313_20250820
20250820,28,313,oyster22,40.027,38.684,tag313_20250820
20250820,28,313,oyster23,41.308,33.668,tag313_20250820
20250820,28,313,oyster24,48.85,35.326,tag313_20250820
20250820,28,313,oyster25,55.439,37.959,tag313_20250820
20250820,28,313,oyster26,56.824,36.258,tag313_20250820
20250820,28,313,oyster27,64.879,41.402,tag313_20250820
20250820,28,313,oyster28,46.201,33.596,tag313_20250820
20250820,28,313,oyster29,57.426,33.22,tag313_20250820
20250820,28,313,oyster30,47.035,31.865,tag313_20250820
20250820,28,313,oyster31,63.365,48.252,tag313_20250820
20250820,28,313,oyster32,26.468,20.812,tag313_20250820
20250820,28,313,oyster33,63.684,37.816,tag313_20250820
20250820,28,313,oyster34,56.694,33.923,tag313_20250820
20250820,28,313,oyster35,54.134,30.881,tag313_20250820
20250820,28,313,oyster36,64.407,49.429,tag313_20250820
20250820,28,313,oyster37,64.722,44.005,tag313_20250820
20250820,28,313,oyster38,61.158,42.432,tag313_20250820
20250820,28,313,oyster39,51.197,35.14,tag313_20250820
20250820,28,313,oyster40,51.752,39.027,tag313_20250820
20250820,28,313,oyster41,57.996,35.239,tag313_20250820
20250820,28,313,oyster42,58.419,37.839,tag313_20250820
20250820,28,313,oyster43,43.354,35.171,tag313_20250820
20250820,28,313,oyster44,46.405,35.696,tag313_20250820
20250820,28,313,oyster45,46.022,33.608,tag313_20250820
20250820,28,313,oyster46,55.996,31.983,tag313_20250820
20250820,28,313,oyster47,53.242,39.066,tag313_20250820
20250820,28,313,oyster48,42.626,29.624,tag313_20250820
20250820,28,313,oyster49,63.384,39.021,tag313_20250820
20250820,28,313,oyster50,55.366,32.209,tag313_20250820
20250820,28,313,oyster51,46.016,34.733,tag313_20250820
20250820,28,313,oyster52,58.796,43.199,tag313_20250820
20250820,28,313,oyster53,43.038,33.451,tag313_20250820
20250820,28,313,oyster54,47.394,36.715,tag313_20250820
20250820,28,313,oyster55,50.418,36.257,tag313_20250820
20250820,28,313,oyster56,52.917,36.06,tag313_20250820
20250820,28,313,oyster57,51.054,34.622,tag313_20250820
20250820,28,313,oyster58,24.347,18.62,tag313_20250820
20250820,28,313,oyster59,68.81,42.648,tag313_20250820
20250820,28,313,oyster60,50.536,36.925,tag313_20250820
20250820,28,313,oyster61,53.886,44.6,tag313_20250820
20250820,28,313,oyster62,60.175,47.098,tag313_20250820
20250820,28,313,oyster63,59.346,46.242,tag313_20250820
20250820,28,313,oyster64,53.553,37.216,tag313_20250820
20250820,28,313,oyster65,47.631,33.756,tag313_20250820
20250820,28,313,oyster66,61.822,36.55,tag313_20250820
20250820,28,313,oyster67,53.452,38.564,tag313_20250820
20250820,28,313,oyster68,72.755,41.494,tag313_20250820
20250820,28,313,oyster69,61.536,40.938,tag313_20250820
20250820,28,313,oyster70,49.357,33.362,tag313_20250820
20250820,28,313,oyster71,58.49,46.128,tag313_20250820
20250820,28,313,oyster72,52.157,33.827,tag313_20250820
20250820,28,313,oyster73,52.671,52.409,tag313_20250820
20250820,28,313,oyster74,57.139,34.299,tag313_20250820
20250820,28,313,oyster75,77.026,42.632,tag313_20250820
20250820,28,313,oyster76,44.6,31.554,tag313_20250820
20250820,28,313,oyster77,39.669,30.415,tag313_20250820
20250820,28,313,oyster78,44.63,42.756,tag313_20250820
20250820,28,313,oyster79,66.001,41.895,tag313_20250820
20250820,28,313,oyster80,61.329,43.912,tag313_20250820
20250820,28,313,oyster81,47.069,44.979,tag313_20250820
20250820,28,313,oyster82,66.569,40.891,tag313_20250820
20250820,28,313,oyster83,54.554,30.908,tag313_20250820
20250820,28,313,oyster84,47.015,27.736,tag313_20250820
20250820,28,313,oyster85,63.822,39.499,tag313_20250820
20250820,28,313,oyster86,51.196,38.312,tag313_20250820
20250820,28,313,oyster87,46.022,41.654,tag313_20250820
20250820,28,313,oyster88,71.48,49.623,tag313_20250820
20250820,28,313,oyster89,56.968,47.071,tag313_20250820
20250820,28,313,oyster90,71.03,36.759,tag313_20250820
20250820,28,313,oyster91,82.147,92.171,tag313_20250820
20250820,28,313,oyster92,50.281,41.94,tag313_20250820
20250820,28,313,oyster93,63.762,39.44,tag313_20250820
20250820,28,313,oyster94,64.982,41.093,tag313_20250820
20250820,28,313,oyster95,54.609,34.578,tag313_20250820
20250820,28,313,oyster96,56.16,38.698,tag313_20250820
20250820,28,313,oyster97,74.286,40.081,tag313_20250820
20250820,28,313,oyster98,46.125,44.102,tag313_20250820
20250820,24,314,oyster1,41.294,27.289,tag314_20250820
20250820,24,314,oyster2,31.861,20.01,tag314_20250820
20250820,24,314,oyster3,9.789,9.418,tag314_20250820
20250820,24,314,oyster4,38.285,34.496,tag314_20250820
20250820,24,314,oyster5,56.567,28.591,tag314_20250820
20250820,24,314,oyster6,24.151,17.592,tag314_20250820
20250820,24,314,oyster7,42.284,31.684,tag314_20250820
20250820,24,314,oyster8,29.775,30.242,tag314_20250820
20250820,24,314,oyster9,44.672,29.232,tag314_20250820
20250820,24,314,oyster10,33.18,32.89,tag314_20250820
20250820,24,314,oyster11,37.044,30.789,tag314_20250820
20250820,24,314,oyster12,30.782,22.887,tag314_20250820
20250820,24,314,oyster13,35.783,29.099,tag314_20250820
20250820,24,314,oyster14,23.314,16.459,tag314_20250820
20250820,24,314,oyster15,26.313,16.114,tag314_20250820
20250820,24,314,oyster16,33.867,29.878,tag314_20250820
20250820,24,314,oyster17,45.456,28.345,tag314_20250820
20250820,24,314,oyster18,22.489,24.175,tag314_20250820
20250820,24,314,oyster19,49.225,29.56,tag314_20250820
20250820,24,314,oyster20,60.599,32.061,tag314_20250820
20250820,24,314,oyster21,48.422,38.837,tag314_20250820
20250820,24,314,oyster22,30.666,25.253,tag314_20250820
20250820,24,314,oyster23,39.7,29.659,tag314_20250820
20250820,24,314,oyster24,43.462,28.111,tag314_20250820
20250820,24,314,oyster25,67.855,38.53,tag314_20250820
20250820,24,314,oyster26,55.236,22.26,tag314_20250820
20250820,24,314,oyster27,23.956,23.196,tag314_20250820
20250820,24,314,oyster28,28.057,15.24,tag314_20250820
20250820,24,314,oyster29,31.295,19.728,tag314_20250820
20250820,24,314,oyster30,30.703,18.2,tag314_20250820
20250820,24,314,oyster31,32.47,22.096,tag314_20250820
20250820,24,314,oyster32,28.326,19.861,tag314_20250820
20250820,24,314,oyster33,39.404,24.669,tag314_20250820
20250820,24,314,oyster34,47.639,28.463,tag314_20250820
20250820,24,314,oyster35,63.902,47.526,tag314_20250820
20250820,24,314,oyster36,85.474,37.626,tag314_20250820
20250820,24,314,oyster37,54.03,31.127,tag314_20250820
20250820,24,314,oyster38,28.93,15.108,tag314_20250820
20250820,24,314,oyster39,51.426,37.514,tag314_20250820
20250820,24,314,oyster40,90.368,39.595,tag314_20250820
20250820,24,314,oyster41,67.056,39.417,tag314_20250820
20250820,24,314,oyster42,34.297,29.778,tag314_20250820
20250820,24,314,oyster43,93.126,43.334,tag314_20250820
20250820,24,314,oyster44,58.912,47.626,tag314_20250820
20250820,24,314,oyster45,44.482,36.957,tag314_20250820
20250820,24,314,oyster46,60.515,45.128,tag314_20250820
20250820,24,314,oyster47,59.489,40.168,tag314_20250820
20250820,24,314,oyster48,62.937,46.988,tag314_20250820
20250820,24,314,oyster49,88.713,44.651,tag314_20250820
20250820,24,314,oyster50,59.401,48.262,tag314_20250820
20250820,24,314,oyster51,87.842,50.245,tag314_20250820
20250820,24,314,oyster52,55.97,44.672,tag314_20250820
20250820,24,314,oyster53,63.39,50.717,tag314_20250820
20250820,24,314,oyster54,49.84,30.676,tag314_20250820
20250820,24,314,oyster55,41.886,31.212,tag314_20250820
20250820,24,314,oyster56,76.909,37.646,tag314_20250820
20250820,24,314,oyster57,72.181,51.401,tag314_20250820
20250820,24,314,oyster58,94.923,44.348,tag314_20250820
20250820,24,314,oyster59,44.644,30.616,tag314_20250820
20250820,24,314,oyster60,31.273,21.252,tag314_20250820
20250820,24,314,oyster61,35.126,22.86,tag314_20250820
20250820,24,314,oyster62,30.403,19.769,tag314_20250820
20250820,24,314,oyster63,52.378,38.572,tag314_20250820
20250820,24,314,oyster64,83.137,48.029,tag314_20250820
20250820,24,314,oyster65,95.177,61.384,tag314_20250820
20250820,24,314,oyster66,63.605,29.745,tag314_20250820
20250820,24,314,oyster67,82.782,48.038,tag314_20250820
20250820,24,314,oyster68,44.473,34.982,tag314_20250820
20250820,24,314,oyster69,80.248,46.959,tag314_20250820
20250820,24,314,oyster70,83.215,44.857,tag314_20250820
20250820,24,314,oyster71,53.969,40.03,tag314_20250820
20250820,24,314,oyster72,48.232,46.697,tag314_20250820
20250820,24,314,oyster73,86.427,47.091,tag314_20250820
20250820,24,314,oyster74,37.841,27.957,tag314_20250820
20250820,24,314,oyster75,51.469,34.046,tag314_20250820
20250820,24,314,oyster76,36.617,37.825,tag314_20250820
20250820,24,314,oyster77,80.478,55.076,tag314_20250820
20250820,24,314,oyster78,94.28,54.337,tag314_20250820
20250820,24,314,oyster79,76.838,49.894,tag314_20250820
20250820,24,314,oyster80,40.322,37.482,tag314_20250820
20250820,24,314,oyster81,110.26,63.143,tag314_20250820
20250820,24,314,oyster82,80.218,46.264,tag314_20250820
20250820,24,314,oyster83,81.167,37.695,tag314_20250820
20250820,24,314,oyster84,68.237,48.926,tag314_20250820
20250820,24,314,oyster85,75.277,42.873,tag314_20250820
20250820,24,314,oyster86,82.599,59.328,tag314_20250820
20250820,24,314,oyster87,34.728,34.36,tag314_20250820
20250820,24,314,oyster88,37.198,40.163,tag314_20250820
20250820,24,314,oyster89,28.394,19.637,tag314_20250820
20250820,10,315,oyster1,48.888,39.38,tag315_20250820
20250820,10,315,oyster2,62.449,49.276,tag315_20250820
20250820,10,315,oyster3,60.577,44.317,tag315_20250820
20250820,10,315,oyster4,72.604,54.859,tag315_20250820
20250820,10,315,oyster5,58.094,46.004,tag315_20250820
20250820,10,315,oyster6,55.728,39.632,tag315_20250820
20250820,10,315,oyster7,70.304,49.322,tag315_20250820
20250820,10,315,oyster8,56.634,32.922,tag315_20250820
20250820,10,315,oyster9,63.112,40.883,tag315_20250820
20250820,10,315,oyster10,21.917,21.022,tag315_20250820
20250820,10,315,oyster11,68.91,50.129,tag315_20250820
20250820,10,315,oyster12,60.522,40.66,tag315_20250820
20250820,10,315,oyster13,60.58,40.728,tag315_20250820
20250820,10,315,oyster14,51.305,34.659,tag315_20250820
20250820,10,315,oyster15,63.687,42.55,tag315_20250820
20250820,10,315,oyster16,72.856,53.124,tag315_20250820
20250820,10,315,oyster17,65.695,38.327,tag315_20250820
20250820,10,315,oyster18,68.735,52.186,tag315_20250820
20250820,10,315,oyster19,75.8,53.349,tag315_20250820
20250820,10,315,oyster20,41.148,38.019,tag315_20250820
20250820,10,315,oyster21,79.074,54.025,tag315_20250820
20250820,10,315,oyster22,73.157,51.067,tag315_20250820
20250820,9,316,oyster1,62.704,45.218,tag316_20250820
20250820,9,316,oyster2,45.612,30.24,tag316_20250820
20250820,9,316,oyster3,47.847,30.669,tag316_20250820
20250820,9,316,oyster4,47.454,32.235,tag316_20250820
20250820,9,316,oyster5,47.581,36.286,tag316_20250820
20250820,9,316,oyster6,45.786,32.461,tag316_20250820
20250820,9,316,oyster7,53.784,35.149,tag316_20250820
20250820,9,316,oyster8,30.778,27.569,tag316_20250820
20250820,9,316,oyster9,44.335,30.702,tag316_20250820
20250820,9,316,oyster10,29.947,28.41,tag316_20250820
20250820,9,316,oyster11,44.986,25.034,tag316_20250820
20250820,9,316,oyster12,37.5,23.154,tag316_20250820
20250820,9,316,oyster13,39.169,26.573,tag316_20250820
20250820,9,316,oyster14,26.726,21.433,tag316_20250820
20250820,9,316,oyster15,38.121,19.601,tag316_20250820
20250820,9,316,oyster16,51.88,30.458,tag316_20250820
20250820,9,316,oyster17,31.712,30.24,tag316_20250820
20250820,9,316,oyster18,64.148,46.292,tag316_20250820
20250820,9,316,oyster19,30.869,24.737,tag316_20250820
20250820,9,316,oyster20,36.592,27.544,tag316_20250820
20250820,9,316,oyster21,67.39,46.608,tag316_20250820
20250820,9,316,oyster22,53.559,39.259,tag316_20250820
20250820,9,316,oyster23,43.357,34.17,tag316_20250820
20250820,9,316,oyster24,89.637,52.974,tag316_20250820
20250820,9,316,oyster25,41.912,31.332,tag316_20250820
20250820,9,316,oyster26,55.033,41.926,tag316_20250820
20250820,9,316,oyster27,32.553,25.675,tag316_20250820
20250820,9,316,oyster28,53.804,33.86,tag316_20250820
20250820,9,316,oyster29,53.378,32.04,tag316_20250820
20250820,9,316,oyster30,40.7,28.36,tag316_20250820
20250820,9,316,oyster31,62.866,35.855,tag316_20250820
20250820,9,316,oyster32,64.131,44.826,tag316_20250820
20250820,9,316,oyster33,39.009,26.372,tag316_20250820
20250820,9,316,oyster34,36.886,30.713,tag316_20250820
20250820,9,316,oyster35,61.453,44.826,tag316_20250820
20250820,9,316,oyster36,39.804,29.199,tag316_20250820
20250820,9,316,oyster37,57.005,40.313,tag316_20250820
20250820,9,316,oyster38,52.186,33.575,tag316_20250820
20250820,9,316,oyster39,38.945,27.764,tag316_20250820
20250820,9,316,oyster40,43.575,46.807,tag316_20250820
20250820,9,316,oyster41,30.673,40.774,tag316_20250820
20250820,9,316,oyster42,30.673,23.876,tag316_20250820
20250820,9,316,oyster43,51.243,40.05,tag316_20250820
20250820,9,316,oyster44,72.337,51.778,tag316_20250820
20250820,9,316,oyster45,57.074,46.44,tag316_20250820
20250820,9,316,oyster46,74.588,47.188,tag316_20250820
20250820,9,316,oyster47,75.287,57.104,tag316_20250820
20250820,9,316,oyster48,68.913,49.838,tag316_20250820
20250820,9,316,oyster49,51.719,39.449,tag316_20250820
20250820,9,316,oyster50,65.029,49.87,tag316_20250820
20250820,9,316,oyster51,37.359,28.952,tag316_20250820
20250820,9,316,oyster52,65.801,50.601,tag316_20250820
20250820,9,316,oyster53,63.354,37.451,tag316_20250820
20250820,9,316,oyster54,26.486,18.494,tag316_20250820
20250820,9,316,oyster55,49.365,43.035,tag316_20250820
20250820,9,316,oyster56,41.377,35.801,tag316_20250820
20250820,9,316,oyster57,64.02,36.754,tag316_20250820
20250820,9,316,oyster58,32.936,24.406,tag316_20250820
20250820,9,316,oyster59,69.041,51.234,tag316_20250820
20250820,9,316,oyster60,46.194,31.459,tag316_20250820
20250820,9,316,oyster61,66.016,45.053,tag316_20250820
20250820,9,316,oyster62,56.531,33.184,tag316_20250820
20250820,9,316,oyster63,55.433,33.798,tag316_20250820
20250820,9,316,oyster64,77.8,44.044,tag316_20250820
20250820,9,316,oyster65,34.604,23.147,tag316_20250820
20250820,9,316,oyster66,56.281,40.576,tag316_20250820
20250820,9,316,oyster67,50.368,33.073,tag316_20250820
20250820,9,316,oyster68,54.421,45.347,tag316_20250820
20250820,9,316,oyster69,30.924,21.93,tag316_20250820
20250820,9,316,oyster70,38.495,28.496,tag316_20250820
20250820,9,316,oyster71,57.494,47.482,tag316_20250820
20250820,9,316,oyster72,51.071,35.135,tag316_20250820
20250820,9,316,oyster73,84.391,52.036,tag316_20250820
20250820,9,316,oyster74,43.122,28.593,tag316_20250820
20250820,9,316,oyster75,42.839,46.813,tag316_20250820
20250820,9,316,oyster76,61.555,21.83,tag316_20250820
20250820,9,316,oyster77,29.141,22.109,tag316_20250820
20250820,9,316,oyster78,30.401,27.298,tag316_20250820
20250820,9,316,oyster79,39.419,47.166,tag316_20250820
20250820,9,316,oyster80,66.344,37.892,tag316_20250820
20250820,9,316,oyster81,69.583,46.417,tag316_20250820
20250820,9,316,oyster82,77.984,53.054,tag316_20250820
20250820,9,316,oyster83,85.072,42.909,tag316_20250820
20250820,9,316,oyster84,61.531,57.017,tag316_20250820
20250820,9,316,oyster85,76.032,19.722,tag316_20250820
20250820,9,316,oyster86,37.867,34.793,tag316_20250820
20250820,9,316,oyster87,46.033,33.802,tag316_20250820
20250820,9,316,oyster88,75.65,41.526,tag316_20250820
20250820,9,316,oyster89,56.937,40.222,tag316_20250820
20250820,9,316,oyster90,40.996,26.77,tag316_20250820
20250820,9,316,oyster91,79.251,51.161,tag316_20250820
20250820,9,316,oyster92,66.894,48.407,tag316_20250820
20250820,9,316,oyster93,40.549,41.918,tag316_20250820
20250820,9,316,oyster94,68.188,48.357,tag316_20250820
20250820,9,316,oyster95,70.005,39.754,tag316_20250820
20250820,9,316,oyster96,76.614,53.049,tag316_20250820
20250820,9,316,oyster97,65.217,35.336,tag316_20250820
20250820,9,316,oyster98,50.412,33.775,tag316_20250820
20250820,9,316,oyster99,47.055,37.353,tag316_20250820
20250820,9,316,oyster100,45.007,33.891,tag316_20250820
20250820,9,316,oyster101,39.708,28.458,tag316_20250820
20250820,12,317,oyster1,171.828,148.223,tag317_20250820
20250820,12,317,oyster2,234.923,156.605,tag317_20250820
20250820,12,317,oyster3,258.279,160.562,tag317_20250820
20250820,12,317,oyster4,208.492,151.212,tag317_20250820
20250820,12,317,oyster5,233.669,144.402,tag317_20250820
20250820,12,317,oyster6,203.593,120.333,tag317_20250820
20250820,12,317,oyster7,195.346,141.089,tag317_20250820
20250820,12,317,oyster8,202.428,153.584,tag317_20250820
20250820,12,317,oyster9,167.275,126.649,tag317_20250820
20250820,12,317,oyster10,182.718,137.233,tag317_20250820
20250820,12,317,oyster11,100.658,67.186,tag317_20250820
20250820,12,317,oyster12,199.672,161.608,tag317_20250820
20250820,12,317,oyster13,220.411,214.611,tag317_20250820
20250820,12,317,oyster14,225.801,179.536,tag317_20250820
20250820,12,317,oyster15,104.446,71.805,tag317_20250820
20250820,12,317,oyster16,226.991,177.003,tag317_20250820
20250820,12,317,oyster17,201.556,152.643,tag317_20250820
20250820,12,317,oyster18,187.491,138.852,tag317_20250820
20250820,12,317,oyster19,312.605,208.312,tag317_20250820
20250820,12,317,oyster20,198.6,148.054,tag317_20250820
20250820,12,317,oyster21,180.25,138.279,tag317_20250820
20250820,12,317,oyster22,177.789,142.014,tag317_20250820
20250820,12,317,oyster23,260.601,173.934,tag317_20250820
20250820,12,317,oyster24,120.033,100.305,tag317_20250820
20250820,12,317,oyster25,203.039,144.001,tag317_20250820
20250820,12,317,oyster26,183.011,97.679,tag317_20250820
20250820,12,317,oyster27,199.462,163.377,tag317_20250820
20250820,12,317,oyster28,205.866,164.012,tag317_20250820
20250820,12,317,oyster29,214.979,140.118,tag317_20250820
20250820,12,317,oyster30,142.271,113.137,tag317_20250820
20250820,12,317,oyster31,208.892,155.502,tag317_20250820
20250820,12,317,oyster32,190.055,135.074,tag317_20250820
20250820,12,317,oyster33,242.002,189.694,tag317_20250820
20250820,12,317,oyster34,148.529,122.385,tag317_20250820
20250820,12,317,oyster35,189.528,148.489,tag317_20250820
20250820,12,317,oyster36,218.131,134.848,tag317_20250820
20250820,12,317,oyster37,221.436,151.608,tag317_20250820
20250820,12,317,oyster38,171.003,147.299,tag317_20250820
20250820,12,317,oyster39,191.23,116.709,tag317_20250820
20250820,12,317,oyster40,161.31,105.304,tag317_20250820
20250820,12,317,oyster41,225.967,161.818,tag317_20250820
20250820,12,317,oyster42,222.173,134.952,tag317_20250820
20250820,12,317,oyster43,248.455,156.08,tag317_20250820
20250820,12,317,oyster44,218.49,149.375,tag317_20250820
20250820,12,317,oyster45,221.165,139.054,tag317_20250820
20250820,12,317,oyster46,234.887,168.241,tag317_20250820
20250820,12,317,oyster47,195.305,140.357,tag317_20250820
20250820,12,317,oyster48,199.97,178.101,tag317_20250820
20250820,12,317,oyster49,210.874,157.813,tag317_20250820
20250820,12,317,oyster50,245.864,195.243,tag317_20250820
20250820,12,317,oyster51,221.461,175.454,tag317_20250820
20250820,12,317,oyster52,279.932,173.003,tag317_20250820
20250820,12,317,oyster53,262.734,196.492,tag317_20250820
20250820,12,317,oyster54,242.464,162.635,tag317_20250820
20250820,12,317,oyster55,180.834,153.844,tag317_20250820
20250820,12,317,oyster56,189.623,138.593,tag317_20250820
20250820,12,317,oyster57,273.425,210.95,tag317_20250820
20250820,12,317,oyster58,258.786,178.986,tag317_20250820
20250820,12,317,oyster59,186.85,162.788,tag317_20250820
20250820,12,317,oyster60,259.307,171.642,tag317_20250820
20250820,12,317,oyster61,282.781,197.254,tag317_20250820
20250820,12,317,oyster62,208.598,136.341,tag317_20250820
20250820,12,317,oyster63,230.009,166.385,tag317_20250820
20250820,12,317,oyster64,172.812,190.149,tag317_20250820
20250820,12,317,oyster65,212.05,167.147,tag317_20250820
20250820,12,317,oyster66,239.821,175.866,tag317_20250820
20250820,12,317,oyster67,261.169,144.627,tag317_20250820
20250820,12,317,oyster68,208.569,168.06,tag317_20250820
20250820,12,317,oyster69,201.01,140.428,tag317_20250820
20250820,12,317,oyster70,185.205,192.094,tag317_20250820
20250820,12,317,oyster71,201.467,129.619,tag317_20250820
20250820,12,317,oyster72,265.385,144.554,tag317_20250820
20250820,12,317,oyster73,255.932,179.48,tag317_20250820
20250820,12,317,oyster74,198.188,144.461,tag317_20250820
20250820,12,317,oyster75,228.035,146.164,tag317_20250820
20250820,12,317,oyster76,215.838,179.07,tag317_20250820
20250820,12,317,oyster77,230.202,154.402,tag317_20250820
20250820,12,317,oyster78,273.198,207.425,tag317_20250820
20250820,12,317,oyster79,212.002,161.485,tag317_20250820
20250820,12,317,oyster80,237.211,163.196,tag317_20250820
20250820,12,317,oyster81,264.14,186.955,tag317_20250820
20250820,12,317,oyster82,168.134,138.654,tag317_20250820
20250820,6,318,oyster1,82.592,45.391,tag318_20250820
20250820,6,318,oyster2,50.97,41.805,tag318_20250820
20250820,6,318,oyster3,52.817,42.217,tag318_20250820
20250820,6,318,oyster4,62.998,37.3,tag318_20250820
20250820,6,318,oyster5,65.767,49.316,tag318_20250820
20250820,6,318,oyster6,43.963,33.766,tag318_20250820
20250820,6,318,oyster7,40.523,25.889,tag318_20250820
20250820,6,318,oyster8,44.808,28.516,tag318_20250820
20250820,6,318,oyster9,54.01,35.255,tag318_20250820
20250820,6,318,oyster10,57.783,45.063,tag318_20250820
20250820,6,318,oyster11,62.712,39.991,tag318_20250820
20250820,6,318,oyster12,59.383,43.109,tag318_20250820
20250820,6,318,oyster13,48.84,31.323,tag318_20250820
20250820,6,318,oyster14,50.822,33.355,tag318_20250820
20250820,6,318,oyster15,39.379,28.793,tag318_20250820
20250820,6,318,oyster16,29.946,25.51,tag318_20250820
20250820,6,318,oyster17,56.658,42.354,tag318_20250820
20250820,6,318,oyster18,32.308,25.017,tag318_20250820
20250820,6,318,oyster19,72.879,38.145,tag318_20250820
20250820,6,318,oyster20,48.458,33.578,tag318_20250820
20250820,6,318,oyster21,58.79,43.907,tag318_20250820
20250820,6,318,oyster22,41.354,27.775,tag318_20250820
20250820,6,318,oyster23,49.259,32.572,tag318_20250820
20250820,6,318,oyster24,27.14,18.912,tag318_20250820
20250820,6,318,oyster25,57.33,37.388,tag318_20250820
20250820,6,318,oyster26,35.163,26.142,tag318_20250820
20250820,6,318,oyster27,44.924,32.156,tag318_20250820
20250820,6,318,oyster28,51.956,40.719,tag318_20250820
20250820,6,318,oyster29,63.094,46.612,tag318_20250820
20250820,6,318,oyster30,60.386,48.101,tag318_20250820
20250820,6,318,oyster31,61.123,37.762,tag318_20250820
20250820,6,318,oyster32,48.051,44.535,tag318_20250820
20250820,6,318,oyster33,28.391,19.626,tag318_20250820
20250820,6,318,oyster34,66.639,47.543,tag318_20250820
20250820,6,318,oyster35,69.663,44.969,tag318_20250820
20250820,6,318,oyster36,53.87,40.053,tag318_20250820
20250820,6,318,oyster37,49.595,37.262,tag318_20250820
20250820,6,318,oyster38,55.455,34.689,tag318_20250820
20250820,6,318,oyster39,53.416,37.563,tag318_20250820
20250820,6,318,oyster40,52.97,33.113,tag318_20250820
20250820,6,318,oyster41,68.359,40.912,tag318_20250820
20250820,6,318,oyster42,67.636,37.559,tag318_20250820
20250820,6,318,oyster43,52.038,38.997,tag318_20250820
20250820,6,318,oyster44,69.9,41.059,tag318_20250820
20250820,6,318,oyster45,74.343,48.78,tag318_20250820
20250820,6,318,oyster46,67.353,46.542,tag318_20250820
20250820,6,318,oyster47,67.403,43.082,tag318_20250820
20250820,6,318,oyster48,52.858,40.77,tag318_20250820
20250820,6,318,oyster49,42.41,40.83,tag318_20250820
20250820,6,318,oyster50,54.837,35.65,tag318_20250820
20250820,6,318,oyster51,57.097,35.181,tag318_20250820
20250820,6,318,oyster52,50.513,40.156,tag318_20250820
20250820,6,318,oyster53,67.353,46.11,tag318_20250820
20250820,6,318,oyster54,61.123,42.893,tag318_20250820
20250820,6,318,oyster55,61.836,44.997,tag318_20250820
20250820,6,318,oyster56,69.375,52.069,tag318_20250820
20250820,6,318,oyster57,62.083,43.674,tag318_20250820
20250820,6,318,oyster58,73.296,59.73,tag318_20250820
20250820,6,318,oyster59,60.616,41.211,tag318_20250820
20250820,6,318,oyster60,62.532,45.961,tag318_20250820
20250820,6,318,oyster61,64.317,54.58,tag318_20250820
20250820,6,318,oyster62,69.455,41.957,tag318_20250820
20250820,6,318,oyster63,58.307,46.475,tag318_20250820
20250820,6,318,oyster64,70.926,56.606,tag318_20250820
20250820,6,318,oyster65,76.781,43.981,tag318_20250820
20250820,6,318,oyster66,73.832,48.614,tag318_20250820
20250820,6,318,oyster67,59.816,54.114,tag318_20250820
20250820,6,318,oyster68,68.187,39.314,tag318_20250820
20250820,6,318,oyster69,59.415,46.771,tag318_20250820
20250820,6,318,oyster70,73.805,47.073,tag318_20250820
20250820,6,318,oyster71,76.969,52.316,tag318_20250820
20250820,6,318,oyster72,74.221,53.382,tag318_20250820
20250820,6,318,oyster73,72.58,46.565,tag318_20250820
20250820,6,318,oyster74,50.16,43.38,tag318_20250820
20250820,6,318,oyster75,66.642,47.348,tag318_20250820
20250820,6,318,oyster76,73.504,38.675,tag318_20250820
20250820,6,318,oyster77,50.901,33.431,tag318_20250820
20250820,6,318,oyster78,43.37,37.287,tag318_20250820
20250820,6,318,oyster79,56.159,32.308,tag318_20250820
20250820,6,318,oyster80,45.326,32.451,tag318_20250820
20250820,6,318,oyster81,63.002,43.38,tag318_20250820
20250820,6,318,oyster82,56.375,45.046,tag318_20250820
20250820,6,318,oyster83,58.608,34.796,tag318_20250820
20250820,6,318,oyster84,51.824,46.144,tag318_20250820
20250820,6,318,oyster85,66.327,46.522,tag318_20250820
20250820,6,318,oyster86,58.192,37.993,tag318_20250820
20250820,6,318,oyster87,71.098,51.229,tag318_20250820
20250820,6,318,oyster88,72.414,51.749,tag318_20250820
20250820,6,318,oyster89,59.741,37.647,tag318_20250820
20250820,6,318,oyster90,52.802,38.396,tag318_20250820
20250820,6,318,oyster91,70.519,42.32,tag318_20250820
20250820,6,318,oyster92,43.116,24.33,tag318_20250820
20250820,6,318,oyster93,71.358,45.254,tag318_20250820
20250820,6,318,oyster94,77.373,47.52,tag318_20250820
20250820,11,319,oyster1,41.168,40.275,tag319_20250820
20250820,11,319,oyster2,60.239,42.479,tag319_20250820
20250820,11,319,oyster3,56.179,39.171,tag319_20250820
20250820,11,319,oyster4,92.605,48.606,tag319_20250820
20250820,11,319,oyster5,61.043,49.44,tag319_20250820
20250820,11,319,oyster6,41.653,37.498,tag319_20250820
20250820,11,319,oyster7,44.228,23.36,tag319_20250820
20250820,11,319,oyster8,44.739,36.744,tag319_20250820
20250820,11,319,oyster9,56.555,30.457,tag319_20250820
20250820,11,319,oyster10,70.935,35.941,tag319_20250820
20250820,11,319,oyster11,44.791,32.25,tag319_20250820
20250820,11,319,oyster12,54.527,33.144,tag319_20250820
20250820,11,319,oyster13,46.177,26.344,tag319_20250820
20250820,11,319,oyster14,73.743,47.306,tag319_20250820
20250820,11,319,oyster15,100.705,51.483,tag319_20250820
20250820,11,319,oyster16,55.331,38.593,tag319_20250820
20250820,11,319,oyster17,34.746,33.906,tag319_20250820
20250820,11,319,oyster18,17.579,13.017,tag319_20250820
20250820,11,319,oyster19,70.917,50.043,tag319_20250820
20250820,11,319,oyster20,73.952,46.386,tag319_20250820
20250820,11,319,oyster21,41.424,37.14,tag319_20250820
20250820,11,319,oyster22,93.162,42.919,tag319_20250820
20250820,11,319,oyster23,94.989,53.122,tag319_20250820
20250820,11,319,oyster24,40.875,32.003,tag319_20250820
20250820,11,319,oyster25,31.917,46.644,tag319_20250820
20250820,11,319,oyster26,46.702,25.75,tag319_20250820
20250820,11,319,oyster27,89.216,58.25,tag319_20250820
20250820,11,319,oyster28,42.247,27.923,tag319_20250820
20250820,11,319,oyster29,84.988,48.673,tag319_20250820
20250820,11,319,oyster30,56.063,34.676,tag319_20250820
20250820,11,319,oyster31,52.511,39.213,tag319_20250820
20250820,11,319,oyster32,68.365,50.748,tag319_20250820
20250820,11,319,oyster33,45.329,38.171,tag319_20250820
20250820,11,319,oyster34,42.58,32.798,tag319_20250820
20250820,11,319,oyster35,80.977,44.796,tag319_20250820
20250820,11,319,oyster36,66.746,47.224,tag319_20250820
20250820,11,319,oyster37,94.964,54.721,tag319_20250820
20250820,11,319,oyster38,86.572,56.279,tag319_20250820
20250820,11,319,oyster39,88.608,50.034,tag319_20250820
20250820,11,319,oyster40,94.541,43.814,tag319_20250820
20250820,11,319,oyster41,56.721,36.953,tag319_20250820
20250820,11,319,oyster42,38.468,37.023,tag319_20250820
20250820,11,319,oyster43,69.422,42.489,tag319_20250820
20250820,11,319,oyster44,51.184,39.08,tag319_20250820
20250820,11,319,oyster45,60.112,46.414,tag319_20250820
20250820,11,319,oyster46,45.772,24.966,tag319_20250820
20250820,11,319,oyster47,75,57.533,tag319_20250820
20250820,11,319,oyster48,60.157,51.172,tag319_20250820
20250820,29,320,oyster1,49.301,36.339,tag320_20250820
20250820,29,320,oyster2,42.132,40.146,tag320_20250820
20250820,29,320,oyster3,63.448,36.213,tag320_20250820
20250820,29,320,oyster4,53.632,42.068,tag320_20250820
20250820,29,320,oyster5,57.649,42.525,tag320_20250820
20250820,29,320,oyster6,28.147,17.674,tag320_20250820
20250820,29,320,oyster7,46.333,36.008,tag320_20250820
20250820,29,320,oyster8,51.314,40.51,tag320_20250820
20250820,29,320,oyster9,24.509,15.08,tag320_20250820
20250820,29,320,oyster10,63.55,37.84,tag320_20250820
20250820,29,320,oyster11,36.704,18.553,tag320_20250820
20250820,29,320,oyster12,51.175,36.429,tag320_20250820
20250820,29,320,oyster13,65.446,40.905,tag320_20250820
20250820,29,320,oyster14,53.758,36.057,tag320_20250820
20250820,29,320,oyster15,60.196,40.393,tag320_20250820
20250820,29,320,oyster16,49.462,26.087,tag320_20250820
20250820,29,320,oyster17,59.771,43.846,tag320_20250820
20250820,29,320,oyster18,55.088,43.479,tag320_20250820
20250820,29,320,oyster19,53.797,42.4,tag320_20250820
20250820,29,320,oyster20,44.788,33.464,tag320_20250820
20250820,29,320,oyster21,38.726,34.272,tag320_20250820
20250820,29,320,oyster22,48.303,31.453,tag320_20250820
20250820,29,320,oyster23,69.579,47.821,tag320_20250820
20250820,29,320,oyster24,50.057,49.477,tag320_20250820
20250820,29,320,oyster25,40.105,29.149,tag320_20250820
20250820,29,320,oyster26,56.611,40,tag320_20250820
20250820,29,320,oyster27,66.89,37.399,tag320_20250820
20250820,29,320,oyster28,33.349,19.056,tag320_20250820
20250820,29,320,oyster29,48.095,37.637,tag320_20250820
20250820,29,320,oyster30,66.63,41.696,tag320_20250820
20250820,29,320,oyster31,62.627,41.764,tag320_20250820
20250820,29,320,oyster32,42.632,25.94,tag320_20250820
20250820,29,320,oyster33,60.86,43.144,tag320_20250820
20250820,29,320,oyster34,56.951,47.405,tag320_20250820
20250820,29,320,oyster35,49.038,29.619,tag320_20250820
20250820,29,320,oyster36,92.178,55.022,tag320_20250820
20250820,29,320,oyster37,53.407,43.491,tag320_20250820
20250820,29,320,oyster38,50.85,32.979,tag320_20250820
20250820,29,320,oyster39,51.946,39.621,tag320_20250820
20250820,29,320,oyster40,73.951,43.928,tag320_20250820
20250820,29,320,oyster41,74.91,58.465,tag320_20250820
20250820,29,320,oyster42,63.547,46.992,tag320_20250820
20250820,29,320,oyster43,40.213,28.172,tag320_20250820
20250820,29,320,oyster44,50.718,37.291,tag320_20250820
20250820,29,320,oyster45,42.69,35.891,tag320_20250820
20250820,29,320,oyster46,51.514,35.891,tag320_20250820
20250820,29,320,oyster47,63.725,52.475,tag320_20250820
20250820,29,320,oyster48,29.39,20.397,tag320_20250820
20250820,29,320,oyster49,63.793,42.048,tag320_20250820
20250820,29,320,oyster50,77.027,50.926,tag320_20250820
20250820,29,320,oyster51,37.216,30.595,tag320_20250820
20250820,29,320,oyster52,58.963,46.917,tag320_20250820
20250820,29,320,oyster53,48.153,34.747,tag320_20250820
20250820,29,320,oyster54,58.178,37.091,tag320_20250820
20250820,29,320,oyster55,53.242,38.577,tag320_20250820
20250820,29,320,oyster56,65.656,46.497,tag320_20250820
20250820,29,320,oyster57,55.693,37.314,tag320_20250820
20250820,29,320,oyster58,82.931,70.456,tag320_20250820
20250820,29,320,oyster59,44.056,41.902,tag320_20250820
20250820,29,320,oyster60,50.708,40.932,tag320_20250820
20250820,29,320,oyster61,57.594,32.421,tag320_20250820
20250820,29,320,oyster62,38.973,24.766,tag320_20250820
20250820,29,320,oyster63,68.419,49.807,tag320_20250820
20250820,29,320,oyster64,66.783,41.119,tag320_20250820
20250820,29,320,oyster65,54.515,40.518,tag320_20250820
20250820,29,320,oyster66,49.773,40.953,tag320_20250820
20250820,29,320,oyster67,60.58,38.395,tag320_20250820
20250820,29,320,oyster68,67.53,45.585,tag320_20250820
20250820,29,320,oyster69,62.011,38.334,tag320_20250820
20250820,29,320,oyster70,52.483,38.675,tag320_20250820
20250820,29,320,oyster71,54.205,38.32,tag320_20250820
20250820,29,320,oyster72,57.961,39.742,tag320_20250820
20250820,29,320,oyster73,64.465,48.343,tag320_20250820
20250820,29,320,oyster74,72.34,39.047,tag320_20250820
20250820,29,320,oyster75,60.646,44.04,tag320_20250820
20250820,29,320,oyster76,72.155,43.961,tag320_20250820
20250820,29,320,oyster77,64.732,36.139,tag320_20250820
20250820,29,320,oyster78,61.144,46.527,tag320_20250820
20250820,29,320,oyster79,57.043,43.331,tag320_20250820
20250820,29,320,oyster80,48.411,37.729,tag320_20250820
20250820,29,320,oyster81,61.859,49.413,tag320_20250820
20250820,29,320,oyster82,54.323,37.902,tag320_20250820
20250820,29,320,oyster83,54.399,39.27,tag320_20250820
20250820,29,320,oyster84,83.556,46.454,tag320_20250820
20250820,29,320,oyster85,50.596,41.051,tag320_20250820
20250820,29,320,oyster86,50.946,36.621,tag320_20250820
20250820,2,328,oyster1,46.594,33.855,tag328_20250820
20250820,2,328,oyster2,49.472,32.515,tag328_20250820
20250820,2,328,oyster3,44.984,31.216,tag328_20250820
20250820,2,328,oyster4,45.576,32.987,tag328_20250820
20250820,2,328,oyster5,34.788,24.816,tag328_20250820
20250820,2,328,oyster6,47.095,31.592,tag328_20250820
20250820,2,328,oyster7,34.55,31.481,tag328_20250820
20250820,2,328,oyster8,49.14,37.113,tag328_20250820
20250820,2,328,oyster9,43.38,37.981,tag328_20250820
20250820,2,328,oyster10,47.358,34.55,tag328_20250820
20250820,2,328,oyster11,58.173,33.094,tag328_20250820
20250820,2,328,oyster12,61.263,41.585,tag328_20250820
20250820,2,328,oyster13,34.476,32.741,tag328_20250820
20250820,2,328,oyster14,49.74,36.408,tag328_20250820
20250820,2,328,oyster15,44.608,35.792,tag328_20250820
20250820,2,328,oyster16,35.944,25.36,tag328_20250820
20250820,2,328,oyster17,31.525,27.065,tag328_20250820
20250820,2,328,oyster18,59.001,43.812,tag328_20250820
20250820,2,328,oyster19,44.702,32.563,tag328_20250820
20250820,2,328,oyster20,49.78,43.405,tag328_20250820
20250820,2,328,oyster21,42.495,36.265,tag328_20250820
20250820,2,328,oyster22,43.741,29.734,tag328_20250820
20250820,2,328,oyster23,28.317,27.633,tag328_20250820
20250820,2,328,oyster24,46.522,53.768,tag328_20250820
20250820,2,328,oyster25,44.485,31.819,tag328_20250820
20250820,2,328,oyster26,35.257,31.493,tag328_20250820
20250820,2,328,oyster27,48.178,38.885,tag328_20250820
20250820,2,328,oyster28,57.781,40.463,tag328_20250820
20250820,2,328,oyster29,30.026,27.331,tag328_20250820
20250820,2,328,oyster30,49.323,34.948,tag328_20250820
20250820,2,328,oyster31,46.155,36.524,tag328_20250820
20250820,2,328,oyster32,49.674,38.311,tag328_20250820
20250820,2,328,oyster33,58.341,49.229,tag328_20250820
20250820,2,328,oyster34,50.387,38.907,tag328_20250820
20250820,2,328,oyster35,41.835,31.836,tag328_20250820
20250820,2,328,oyster36,57.591,46.254,tag328_20250820
20250820,2,328,oyster37,52.553,35.762,tag328_20250820
20250820,2,328,oyster38,55.404,29.945,tag328_20250820
20250820,2,328,oyster39,20.502,12.887,tag328_20250820
20250820,2,328,oyster40,46.974,22.833,tag328_20250820
20250820,2,328,oyster41,57.865,40.267,tag328_20250820
20250820,2,328,oyster42,62.895,44.948,tag328_20250820
20250820,2,328,oyster43,54.516,45.909,tag328_20250820
20250820,2,328,oyster44,47.109,42.706,tag328_20250820
20250820,2,328,oyster45,46.164,35.232,tag328_20250820
20250820,2,328,oyster46,50.188,42.718,tag328_20250820
20250820,2,328,oyster47,50.565,43.107,tag328_20250820
20250820,2,328,oyster48,48.998,43.152,tag328_20250820
20250820,2,328,oyster49,51.962,34.199,tag328_20250820
20250820,2,328,oyster50,43.847,32.019,tag328_20250820
20250820,2,328,oyster51,40.812,25.229,tag328_20250820
20250820,2,328,oyster52,50.332,36.408,tag328_20250820
20250820,2,328,oyster53,49.865,38.573,tag328_20250820
20250820,2,328,oyster54,46.798,38.827,tag328_20250820
20250820,2,328,oyster55,61.035,43.732,tag328_20250820
20250820,2,328,oyster56,54.502,57.555,tag328_20250820
20250820,2,328,oyster57,62.027,46.19,tag328_20250820
20250820,2,328,oyster58,57.167,46.928,tag328_20250820
20250820,2,328,oyster59,45.553,38.642,tag328_20250820
20250820,2,328,oyster60,45.702,35.886,tag328_20250820
20250820,2,328,oyster61,63.318,48.116,tag328_20250820
20250820,2,328,oyster62,55.153,44.427,tag328_20250820
20250820,2,328,oyster63,35.128,32.3,tag328_20250820
20250820,2,328,oyster64,23.837,19.359,tag328_20250820
20250820,2,328,oyster65,37.284,36.325,tag328_20250820
20250820,2,328,oyster66,49.913,41.049,tag328_20250820
20250820,2,328,oyster67,56.764,45.178,tag328_20250820
20250820,2,328,oyster68,45.762,30.361,tag328_20250820
20250820,2,328,oyster69,58.731,50.202,tag328_20250820
20250820,2,328,oyster70,66.156,50.062,tag328_20250820
20250820,2,328,oyster71,44.864,34.124,tag328_20250820
20250820,2,328,oyster72,65.436,41.831,tag328_20250820
20250820,2,328,oyster73,44.079,41.848,tag328_20250820
20250820,2,328,oyster74,53.05,39.117,tag328_20250820
20250820,2,328,oyster75,73.78,47.579,tag328_20250820
20250820,2,328,oyster76,47.083,39.64,tag328_20250820
20250820,2,328,oyster77,56.787,35.895,tag328_20250820
20250820,2,328,oyster78,56.897,35.871,tag328_20250820
20250820,2,328,oyster79,41.193,34.588,tag328_20250820
20250820,2,328,oyster80,57.2,42.434,tag328_20250820
20250820,2,328,oyster81,37.139,24.74,tag328_20250820
20250820,2,328,oyster82,59.507,44.775,tag328_20250820
20250820,2,328,oyster83,60.053,42.61,tag328_20250820
20250820,2,328,oyster84,53.658,48.435,tag328_20250820
20250820,2,328,oyster85,54.15,45.827,tag328_20250820
20250820,2,328,oyster86,46.928,27.875,tag328_20250820
20250820,2,328,oyster87,49.378,44.78,tag328_20250820
20250820,2,328,oyster88,47.554,39.368,tag328_20250820
20250820,26,329,oyster1,49.556,34.245,tag329_20250820
20250820,26,329,oyster2,51.088,47.048,tag329_20250820
20250820,26,329,oyster3,66.777,52.498,tag329_20250820
20250820,26,329,oyster4,42.994,36.657,tag329_20250820
20250820,26,329,oyster5,50.453,37.538,tag329_20250820
20250820,26,329,oyster6,60.684,36.054,tag329_20250820
20250820,26,329,oyster7,50.805,31.344,tag329_20250820
20250820,26,329,oyster8,52.385,47.854,tag329_20250820
20250820,26,329,oyster9,42.53,39.985,tag329_20250820
20250820,26,329,oyster10,56.856,37.969,tag329_20250820
20250820,26,329,oyster11,39.898,27.282,tag329_20250820
20250820,26,329,oyster12,24.482,19.63,tag329_20250820
20250820,26,329,oyster13,54.156,43.638,tag329_20250820
20250820,26,329,oyster14,41.655,35.201,tag329_20250820
20250820,26,329,oyster15,35.96,25.721,tag329_20250820
20250820,26,329,oyster16,62.137,45.384,tag329_20250820
20250820,26,329,oyster17,45.793,43.804,tag329_20250820
20250820,26,329,oyster18,64.416,35.635,tag329_20250820
20250820,26,329,oyster19,45.366,31.81,tag329_20250820
20250820,26,329,oyster20,65.544,43.875,tag329_20250820
20250820,26,329,oyster21,51.365,40.675,tag329_20250820
20250820,26,329,oyster22,40.815,34.3,tag329_20250820
20250820,26,329,oyster23,48.848,40.309,tag329_20250820
20250820,26,329,oyster24,51.168,38.783,tag329_20250820
20250820,26,329,oyster25,37.285,19.581,tag329_20250820
20250820,26,329,oyster26,58.677,53.779,tag329_20250820
20250820,26,329,oyster27,48.086,34.319,tag329_20250820
20250820,26,329,oyster28,28.513,17.696,tag329_20250820
20250820,26,329,oyster29,37.907,25.488,tag329_20250820
20250820,26,329,oyster30,49.762,33.733,tag329_20250820
20250820,26,329,oyster31,50.57,28.813,tag329_20250820
20250820,26,329,oyster32,46.561,30.649,tag329_20250820
20250820,26,329,oyster33,53.309,38.641,tag329_20250820
20250820,26,329,oyster34,55.019,37.118,tag329_20250820
20250820,26,329,oyster35,46.471,41.711,tag329_20250820
20250820,26,329,oyster36,61.055,39.948,tag329_20250820
20250820,26,329,oyster37,45.282,33.994,tag329_20250820
20250820,26,329,oyster38,66.411,43.448,tag329_20250820
20250820,26,329,oyster39,49.859,38.024,tag329_20250820
20250820,26,329,oyster40,50.03,32.848,tag329_20250820
20250820,26,329,oyster41,56.258,47.517,tag329_20250820
20250820,26,329,oyster42,34.426,26.434,tag329_20250820
20250820,26,329,oyster43,37.019,27.472,tag329_20250820
20250820,26,329,oyster44,52.226,48.571,tag329_20250820
20250820,26,329,oyster45,70.276,48.663,tag329_20250820
20250820,26,329,oyster46,41.158,24.259,tag329_20250820
20250820,26,329,oyster47,51.029,26.668,tag329_20250820
20250820,26,329,oyster48,54.593,38.097,tag329_20250820
20250820,26,329,oyster49,57.31,34.773,tag329_20250820
20250820,26,329,oyster50,60.87,44.548,tag329_20250820
20250820,26,329,oyster51,63.177,43.703,tag329_20250820
20250820,26,329,oyster52,43.774,37.049,tag329_20250820
20250820,26,329,oyster53,66.26,34.181,tag329_20250820
20250820,26,329,oyster54,56.149,57.691,tag329_20250820
20250820,26,329,oyster55,62.836,35.259,tag329_20250820
20250820,26,329,oyster56,57.542,41.624,tag329_20250820
20250820,26,329,oyster57,48.26,35.38,tag329_20250820
20250820,26,329,oyster58,49.621,36.512,tag329_20250820
20250820,26,329,oyster59,72.929,50.481,tag329_20250820
20250820,26,329,oyster60,44.907,39.657,tag329_20250820
20250820,26,329,oyster61,63.316,41.398,tag329_20250820
20250820,26,329,oyster62,77.435,43.363,tag329_20250820
20250820,26,329,oyster63,63.151,42.873,tag329_20250820
20250820,26,329,oyster64,56.433,38.167,tag329_20250820
20250820,26,329,oyster65,77.357,42.993,tag329_20250820
20250820,26,329,oyster66,46.657,31.627,tag329_20250820
20250820,26,329,oyster67,57.403,45.2,tag329_20250820
20250820,26,329,oyster68,58.137,37.825,tag329_20250820
20250820,26,329,oyster69,45.575,29.432,tag329_20250820
20250820,26,329,oyster70,38.852,34.212,tag329_20250820
20250820,26,329,oyster71,47.963,29.11,tag329_20250820
20250820,26,329,oyster72,45.103,34.512,tag329_20250820
20250820,26,329,oyster73,47.913,37.605,tag329_20250820
20250820,26,329,oyster74,67.751,41.524,tag329_20250820
20250820,26,329,oyster75,30.192,20.462,tag329_20250820
20250820,26,329,oyster76,53.871,38.272,tag329_20250820
20250820,26,329,oyster77,32.862,30.038,tag329_20250820
20250820,26,329,oyster78,56.926,43.385,tag329_20250820
20250820,26,329,oyster79,67.121,50.851,tag329_20250820
20250820,26,329,oyster80,63.533,45.724,tag329_20250820
20250820,26,329,oyster81,62.794,40.173,tag329_20250820
20250820,26,329,oyster82,62.558,50.726,tag329_20250820
20250820,26,329,oyster83,43.846,34.648,tag329_20250820
20250820,26,329,oyster84,73.909,54.186,tag329_20250820
20250820,26,329,oyster85,70.98,38.583,tag329_20250820
20250820,26,329,oyster86,60.852,34.862,tag329_20250820
20250820,26,329,oyster87,52.422,34.003,tag329_20250820
20250820,26,329,oyster88,46.181,42.829,tag329_20250820
20250820,26,329,oyster89,60.696,54.364,tag329_20250820
20250820,26,329,oyster90,54.077,43.288,tag329_20250820
20250820,26,329,oyster91,55.83,43.805,tag329_20250820
20250820,26,329,oyster92,54.277,40.073,tag329_20250820
20250820,26,329,oyster93,37.802,29.915,tag329_20250820
20250820,26,329,oyster94,42.918,42.174,tag329_20250820
20250820,26,329,oyster95,67.521,44.875,tag329_20250820
20250820,26,329,oyster96,56.157,46.117,tag329_20250820
20250820,26,329,oyster97,55.343,58.132,tag329_20250820
20250820,26,329,oyster98,74.39,45.105,tag329_20250820
20250820,26,329,oyster99,54.859,43.757,tag329_20250820
20250820,26,329,oyster100,59.209,41.838,tag329_20250820
20250820,26,329,oyster101,69.361,45.679,tag329_20250820
20250820,26,329,oyster102,65.549,54.635,tag329_20250820
20250820,30,330,oyster1,60.034,56.826,tag330_20250820
20250820,30,330,oyster2,69.125,50.814,tag330_20250820
20250820,30,330,oyster3,58.292,51.626,tag330_20250820
20250820,30,330,oyster4,54.254,44.636,tag330_20250820
20250820,30,330,oyster5,69.39,56.648,tag330_20250820
20250820,30,330,oyster6,62.009,53.46,tag330_20250820
20250820,30,330,oyster7,69.892,43.667,tag330_20250820
20250820,30,330,oyster8,66.623,61.603,tag330_20250820
20250820,30,330,oyster9,67.635,47.247,tag330_20250820
20250820,30,330,oyster10,55.117,40.641,tag330_20250820
20250820,30,330,oyster11,63.318,48.714,tag330_20250820
20250820,30,330,oyster12,51.66,39.958,tag330_20250820
20250820,30,330,oyster13,59.446,53.247,tag330_20250820
20250820,30,330,oyster14,57.036,40.003,tag330_20250820
20250820,30,330,oyster15,72.441,56.66,tag330_20250820
20250820,30,330,oyster16,65.233,63.47,tag330_20250820
20250820,30,330,oyster17,65.478,54.627,tag330_20250820
20250820,30,330,oyster18,70.485,67.036,tag330_20250820
20250820,1,400,oyster1,51.572,41.847,tag400_20250820
20250820,1,400,oyster2,67.396,55.824,tag400_20250820
20250820,1,400,oyster3,61.812,40.949,tag400_20250820
20250820,1,400,oyster4,52.705,38.541,tag400_20250820
20250820,1,400,oyster5,44.735,38.583,tag400_20250820
20250820,1,400,oyster6,61.394,44.062,tag400_20250820
20250820,1,400,oyster7,68.725,57.12,tag400_20250820
20250820,1,400,oyster8,73.698,48.478,tag400_20250820
20250820,1,400,oyster9,67.38,59.002,tag400_20250820
20250820,1,400,oyster10,46.463,33.147,tag400_20250820
20250820,1,400,oyster11,68.087,51.407,tag400_20250820
20250820,1,400,oyster12,57.982,45.026,tag400_20250820
20250820,1,400,oyster13,53.378,34.773,tag400_20250820
20250820,1,400,oyster14,56.624,40.382,tag400_20250820
20250820,1,400,oyster15,59.404,40.448,tag400_20250820
20250820,1,400,oyster16,45.983,39.069,tag400_20250820
20250820,1,400,oyster17,54.136,32.397,tag400_20250820
20250820,1,400,oyster18,61.233,48.342,tag400_20250820
20250820,1,400,oyster19,56.551,43.63,tag400_20250820
20250820,1,400,oyster20,61.736,50.058,tag400_20250820
20250820,1,400,oyster21,59.983,45.591,tag400_20250820
20250820,1,400,oyster22,52.497,38.671,tag400_20250820
20250820,1,400,oyster23,64.811,51.411,tag400_20250820
20250820,1,400,oyster24,62.087,40.5,tag400_20250820
20250820,1,400,oyster25,58.706,47.185,tag400_20250820
20250820,1,400,oyster26,68.665,51.158,tag400_20250820
20250820,1,400,oyster27,60.522,64.876,tag400_20250820
20250820,1,400,oyster28,44.792,33.263,tag400_20250820
20250820,1,400,oyster29,68.237,47.163,tag400_20250820
20250820,1,400,oyster30,47.121,36.168,tag400_20250820
20250820,1,400,oyster31,56.485,38.865,tag400_20250820
20250820,1,400,oyster32,53.028,37.863,tag400_20250820
20250820,1,400,oyster33,66.154,54.044,tag400_20250820
20250820,1,400,oyster34,57.848,44.038,tag400_20250820
20250820,1,400,oyster35,59.701,49.176,tag400_20250820
20250820,1,400,oyster36,59.155,50.098,tag400_20250820
20250820,1,400,oyster37,75.156,49.031,tag400_20250820
20250820,1,400,oyster38,61.87,51.159,tag400_20250820
20250820,1,400,oyster39,40.949,30.881,tag400_20250820
20250820,1,400,oyster40,45.75,31.074,tag400_20250820
20250820,1,400,oyster41,56.247,35.534,tag400_20250820
20250820,1,400,oyster42,52.169,47.385,tag400_20250820
20250820,1,400,oyster43,53.421,39.164,tag400_20250820
20250820,1,400,oyster44,57.343,51.643,tag400_20250820
20250820,1,400,oyster45,75.983,38.004,tag400_20250820
20250820,1,400,oyster46,53.557,31.178,tag400_20250820
20250820,1,400,oyster47,72.918,52.549,tag400_20250820
20250820,1,400,oyster48,70.796,42.789,tag400_20250820
20250820,1,400,oyster49,37.394,47.02,tag400_20250820
20250820,1,400,oyster50,54.716,41.549,tag400_20250820
20250820,1,400,oyster51,58.86,43.963,tag400_20250820
20250820,1,400,oyster52,77.348,53.814,tag400_20250820
20250820,1,400,oyster53,69.912,51.647,tag400_20250820
20250820,1,400,oyster54,54.875,42.717,tag400_20250820
20250820,1,400,oyster55,50.607,36.371,tag400_20250820
20250820,1,400,oyster56,63.288,42.971,tag400_20250820
20250820,1,400,oyster57,50.255,43.787,tag400_20250820
20250820,1,400,oyster58,47.156,40.28,tag400_20250820
20250820,1,400,oyster59,62.205,44.074,tag400_20250820
20250820,1,400,oyster60,72.269,51.803,tag400_20250820
20250820,1,400,oyster61,56.174,48.887,tag400_20250820
20250820,1,400,oyster62,36.021,31.102,tag400_20250820
20250820,1,400,oyster63,46.185,36.489,tag400_20250820
20250820,1,400,oyster64,49.456,36.134,tag400_20250820
20250820,1,400,oyster65,63.172,55.146,tag400_20250820
20250820,1,400,oyster66,42.516,32.88,tag400_20250820
20250820,1,400,oyster67,47.272,32.02,tag400_20250820
20250820,1,400,oyster68,61.131,54.779,tag400_20250820
20250820,1,400,oyster69,63.804,41.286,tag400_20250820
20250820,1,400,oyster70,59.371,41.77,tag400_20250820
20250820,1,400,oyster71,56.044,41.764,tag400_20250820
20250820,1,400,oyster72,62.91,48.903,tag400_20250820
20250820,1,400,oyster73,72.768,42.722,tag400_20250820
20250820,1,400,oyster74,62.638,40.904,tag400_20250820
20250820,1,400,oyster75,63.567,54.408,tag400_20250820
20250820,1,400,oyster76,55.755,52.959,tag400_20250820
20250820,1,400,oyster77,68.351,34.759,tag400_20250820